"stock_code","company_name","market","company_type","listing_date","is_new_listing_365d","primary_reason","reason","expected_fmp_symbol","fmp_symbol"
"002420","우양피앤엘","KOSPI","GENERAL","1968-12-27","false","NO_FMP_STOCK_SYMBOL","NO_FMP_STOCK_SYMBOL;NO_FMP_FINANCIAL_SYMBOL","002420.KS",""
"0030R0","대신밸류리츠","KOSPI","REIT","2025-07-10","false","NO_FMP_STOCK_SYMBOL","NO_FMP_STOCK_SYMBOL;NO_FMP_FINANCIAL_SYMBOL","0030R0.KS",""
"003280","흥아해운","KOSPI","GENERAL","1976-06-29","false","NO_FMP_STOCK_SYMBOL","NO_FMP_STOCK_SYMBOL;NO_FMP_FINANCIAL_SYMBOL","003280.KS",""
"010580","에스엠벡셀","KOSPI","GENERAL","1994-12-27","false","NO_FMP_STOCK_SYMBOL","NO_FMP_STOCK_SYMBOL;NO_FMP_FINANCIAL_SYMBOL","010580.KS",""
"011300","우성머티리얼스","KOSPI","GENERAL","1995-11-10","false","NO_FMP_STOCK_SYMBOL","NO_FMP_STOCK_SYMBOL;NO_FMP_FINANCIAL_SYMBOL","011300.KS",""
"0120G0","삼양바이오팜","KOSPI","GENERAL","2025-11-24","true","NO_FMP_STOCK_SYMBOL","NO_FMP_STOCK_SYMBOL;NO_FMP_FINANCIAL_SYMBOL","0120G0.KS",""
"0126Z0","삼성에피스홀딩스","KOSPI","GENERAL","2025-11-24","true","ANNUAL_HISTORY_LT_3Y","ANNUAL_HISTORY_LT_3Y;QUARTERLY_HISTORY_LT_3Y","0126Z0.KS","0126Z0.KS"
"013000","세우글로벌","KOSPI","GENERAL","1989-09-05","false","NO_FMP_STOCK_SYMBOL","NO_FMP_STOCK_SYMBOL;NO_FMP_FINANCIAL_SYMBOL","013000.KS",""
"017860","DS단석","KOSPI","GENERAL","2023-12-22","false","NO_FMP_STOCK_SYMBOL","NO_FMP_STOCK_SYMBOL;NO_FMP_FINANCIAL_SYMBOL","017860.KS",""
"021820","세원정공","KOSPI","GENERAL","1996-07-03","false","NO_FMP_STOCK_SYMBOL","NO_FMP_STOCK_SYMBOL;NO_FMP_FINANCIAL_SYMBOL","021820.KS",""
"0220W0","한화머시너리앤서비스홀딩스","KOSPI","GENERAL","2026-08-25","true","NO_FMP_STOCK_SYMBOL","NO_FMP_STOCK_SYMBOL;NO_FMP_FINANCIAL_SYMBOL","0220W0.KS",""
"030190","NICE평가정보","KOSPI","GENERAL","2023-08-08","false","QUARTERLY_HISTORY_LT_3Y","QUARTERLY_HISTORY_LT_3Y","030190.KS","030190.KS"
"031210","서울보증보험","KOSPI","GENERAL","2025-03-14","false","NO_FMP_FINANCIAL_SYMBOL","NO_FMP_FINANCIAL_SYMBOL","031210.KS","031210.KS"
"062040","산일전기","KOSPI","GENERAL","2024-07-29","false","QUARTERLY_HISTORY_LT_3Y","QUARTERLY_HISTORY_LT_3Y","062040.KS","062040.KS"
"064400","LG씨엔에스","KOSPI","GENERAL","2025-02-05","false","NO_FMP_FINANCIAL_SYMBOL","NO_FMP_FINANCIAL_SYMBOL","064400.KS","064400.KS"
"066970","엘앤에프","KOSPI","GENERAL","2024-01-29","false","NO_FMP_FINANCIAL_SYMBOL","NO_FMP_FINANCIAL_SYMBOL","066970.KS","066970.KQ"
"079900","전진건설로봇","KOSPI","GENERAL","2024-08-19","false","NO_FMP_STOCK_SYMBOL","NO_FMP_STOCK_SYMBOL;NO_FMP_FINANCIAL_SYMBOL","079900.KS",""
"088260","이리츠코크렙","KOSPI","REIT","2018-06-27","false","QUARTERLY_HISTORY_LT_3Y","QUARTERLY_HISTORY_LT_3Y","088260.KS","088260.KS"
"090460","비에이치","KOSPI","GENERAL","2023-06-20","false","QUARTERLY_HISTORY_LT_3Y","QUARTERLY_HISTORY_LT_3Y","090460.KS","090460.KS"
"092790","넥스틸","KOSPI","GENERAL","2023-08-21","false","NO_FMP_STOCK_SYMBOL","NO_FMP_STOCK_SYMBOL;NO_FMP_FINANCIAL_SYMBOL","092790.KS",""
"094800","맵스리얼티","KOSPI","GENERAL","2007-04-09","false","QUARTERLY_INCOME_MISSING","QUARTERLY_INCOME_MISSING;QUARTERLY_BALANCE_SHEET_MISSING;QUARTERLY_CASH_FLOW_MISSING;ANNUAL_EXISTS_QUARTERLY_INCOMPLETE;ANNUAL_HISTORY_LT_3Y","094800.KS","094800.KS"
"108320","LX세미콘","KOSPI","GENERAL","2022-11-03","false","QUARTERLY_HISTORY_LT_3Y","QUARTERLY_HISTORY_LT_3Y","108320.KS","108320.KS"
"109070","주성코퍼레이션","KOSPI","GENERAL","2009-03-17","false","NO_FMP_STOCK_SYMBOL","NO_FMP_STOCK_SYMBOL;NO_FMP_FINANCIAL_SYMBOL","109070.KS",""
"111380","동인기연","KOSPI","GENERAL","2023-11-21","false","NO_FMP_STOCK_SYMBOL","NO_FMP_STOCK_SYMBOL;NO_FMP_FINANCIAL_SYMBOL","111380.KS",""
"126720","수산인더스트리","KOSPI","GENERAL","2022-08-01","false","NO_FMP_STOCK_SYMBOL","NO_FMP_STOCK_SYMBOL;NO_FMP_FINANCIAL_SYMBOL","126720.KS",""
"139990","아주스틸","KOSPI","GENERAL","2021-08-20","false","NO_FMP_STOCK_SYMBOL","NO_FMP_STOCK_SYMBOL;NO_FMP_FINANCIAL_SYMBOL","139990.KS",""
"217590","티엠씨","KOSPI","GENERAL","2025-12-15","true","NO_FMP_STOCK_SYMBOL","NO_FMP_STOCK_SYMBOL;NO_FMP_FINANCIAL_SYMBOL","217590.KS",""
"279570","케이뱅크","KOSPI","GENERAL","2026-03-05","true","NO_FMP_STOCK_SYMBOL","NO_FMP_STOCK_SYMBOL;NO_FMP_FINANCIAL_SYMBOL","279570.KS",""
"293940","신한알파리츠","KOSPI","REIT","2018-08-08","false","QUARTERLY_HISTORY_LT_3Y","QUARTERLY_HISTORY_LT_3Y","293940.KS","293940.KS"
"317450","명인제약","KOSPI","GENERAL","2025-10-01","true","NO_FMP_STOCK_SYMBOL","NO_FMP_STOCK_SYMBOL;NO_FMP_FINANCIAL_SYMBOL","317450.KS",""
"330590","롯데리츠","KOSPI","REIT","2019-10-30","false","QUARTERLY_HISTORY_LT_3Y","QUARTERLY_HISTORY_LT_3Y","330590.KS","330590.KS"
"357430","마스턴프리미어리츠","KOSPI","REIT","2022-05-31","false","NO_FMP_STOCK_SYMBOL","NO_FMP_STOCK_SYMBOL;NO_FMP_FINANCIAL_SYMBOL","357430.KS",""
"372910","한컴라이프케어","KOSPI","GENERAL","2021-08-17","false","NO_FMP_STOCK_SYMBOL","NO_FMP_STOCK_SYMBOL;NO_FMP_FINANCIAL_SYMBOL","372910.KS",""
"377190","디앤디플랫폼리츠","KOSPI","REIT","2021-08-27","false","NO_FMP_STOCK_SYMBOL","NO_FMP_STOCK_SYMBOL;NO_FMP_FINANCIAL_SYMBOL","377190.KS",""
"377740","바이오노트","KOSPI","GENERAL","2022-12-22","false","NO_FMP_STOCK_SYMBOL","NO_FMP_STOCK_SYMBOL;NO_FMP_FINANCIAL_SYMBOL","377740.KS",""
"378850","화승알앤에이","KOSPI","GENERAL","2021-03-15","false","NO_FMP_STOCK_SYMBOL","NO_FMP_STOCK_SYMBOL;NO_FMP_FINANCIAL_SYMBOL","378850.KS",""
"395400","SK리츠","KOSPI","REIT","2021-09-14","false","QUARTERLY_HISTORY_LT_3Y","QUARTERLY_HISTORY_LT_3Y","395400.KS","395400.KS"
"396690","미래에셋글로벌리츠","KOSPI","REIT","2021-12-03","false","NO_FMP_STOCK_SYMBOL","NO_FMP_STOCK_SYMBOL;NO_FMP_FINANCIAL_SYMBOL","396690.KS",""
"400760","NH올원리츠","KOSPI","REIT","2021-11-18","false","NO_FMP_STOCK_SYMBOL","NO_FMP_STOCK_SYMBOL;NO_FMP_FINANCIAL_SYMBOL","400760.KS",""
"404990","신한서부티엔디리츠","KOSPI","REIT","2021-12-10","false","NO_FMP_STOCK_SYMBOL","NO_FMP_STOCK_SYMBOL;NO_FMP_FINANCIAL_SYMBOL","404990.KS",""
"415640","KB발해인프라","KOSPI","GENERAL","2024-11-29","false","NO_FMP_STOCK_SYMBOL","NO_FMP_STOCK_SYMBOL;NO_FMP_FINANCIAL_SYMBOL","415640.KS",""
"417310","코람코더원리츠","KOSPI","REIT","2022-03-28","false","NO_FMP_STOCK_SYMBOL","NO_FMP_STOCK_SYMBOL;NO_FMP_FINANCIAL_SYMBOL","417310.KS",""
"432320","KB스타리츠","KOSPI","REIT","2022-10-06","false","NO_FMP_FINANCIAL_SYMBOL","NO_FMP_FINANCIAL_SYMBOL","432320.KS","432320.KS"
"439260","대한조선","KOSPI","GENERAL","2025-08-01","false","NO_FMP_FINANCIAL_SYMBOL","NO_FMP_FINANCIAL_SYMBOL","439260.KS","439260.KS"
"443060","HD현대마린솔루션","KOSPI","GENERAL","2024-05-08","false","QUARTERLY_HISTORY_LT_3Y","QUARTERLY_HISTORY_LT_3Y","443060.KS","443060.KS"
"446070","유니드비티플러스","KOSPI","GENERAL","2022-11-28","false","NO_FMP_STOCK_SYMBOL","NO_FMP_STOCK_SYMBOL;NO_FMP_FINANCIAL_SYMBOL","446070.KS",""
"448730","삼성FN리츠","KOSPI","REIT","2023-04-10","false","NO_FMP_STOCK_SYMBOL","NO_FMP_STOCK_SYMBOL;NO_FMP_FINANCIAL_SYMBOL","448730.KS",""
"451800","한화리츠","KOSPI","REIT","2023-03-27","false","NO_FMP_STOCK_SYMBOL","NO_FMP_STOCK_SYMBOL;NO_FMP_FINANCIAL_SYMBOL","451800.KS",""
"452260","한화갤러리아","KOSPI","GENERAL","2023-03-31","false","NO_FMP_STOCK_SYMBOL","NO_FMP_STOCK_SYMBOL;NO_FMP_FINANCIAL_SYMBOL","452260.KS",""
"460850","동국씨엠","KOSPI","GENERAL","2023-06-16","false","NO_FMP_STOCK_SYMBOL","NO_FMP_STOCK_SYMBOL;NO_FMP_FINANCIAL_SYMBOL","460850.KS",""
"462520","조선내화","KOSPI","GENERAL","2023-07-28","false","NO_FMP_STOCK_SYMBOL","NO_FMP_STOCK_SYMBOL;NO_FMP_FINANCIAL_SYMBOL","462520.KS",""
"462870","시프트업","KOSPI","GENERAL","2024-07-11","false","QUARTERLY_HISTORY_LT_3Y","QUARTERLY_HISTORY_LT_3Y","462870.KS","462870.KS"
"465770","STX그린로지스","KOSPI","GENERAL","2023-09-15","false","NO_FMP_STOCK_SYMBOL","NO_FMP_STOCK_SYMBOL;NO_FMP_FINANCIAL_SYMBOL","465770.KS",""
"475150","SK이터닉스","KOSPI","GENERAL","2024-03-29","false","NO_FMP_STOCK_SYMBOL","NO_FMP_STOCK_SYMBOL;NO_FMP_FINANCIAL_SYMBOL","475150.KS",""
"475560","더본코리아","KOSPI","GENERAL","2024-11-06","false","NO_FMP_STOCK_SYMBOL","NO_FMP_STOCK_SYMBOL;NO_FMP_FINANCIAL_SYMBOL","475560.KS",""
"480370","씨케이솔루션","KOSPI","GENERAL","2025-03-17","false","NO_FMP_FINANCIAL_SYMBOL","NO_FMP_FINANCIAL_SYMBOL","480370.KS","480370.KS"
"481850","신한글로벌액티브리츠","KOSPI","REIT","2024-07-01","false","QUARTERLY_HISTORY_LT_3Y","QUARTERLY_HISTORY_LT_3Y","481850.KS","481850.KS"
"483650","달바글로벌","KOSPI","GENERAL","2025-05-22","false","NO_FMP_STOCK_SYMBOL","NO_FMP_STOCK_SYMBOL;NO_FMP_FINANCIAL_SYMBOL","483650.KS",""
"484870","엠앤씨솔루션","KOSPI","GENERAL","2024-12-16","false","QUARTERLY_HISTORY_LT_3Y","QUARTERLY_HISTORY_LT_3Y","484870.KS","484870.KS"
"487570","HS효성","KOSPI","GENERAL","2024-07-29","false","NO_FMP_STOCK_SYMBOL","NO_FMP_STOCK_SYMBOL;NO_FMP_FINANCIAL_SYMBOL","487570.KS",""
"489790","한화비전","KOSPI","GENERAL","2024-09-27","false","NO_FMP_STOCK_SYMBOL","NO_FMP_STOCK_SYMBOL;NO_FMP_FINANCIAL_SYMBOL","489790.KS",""
"499790","GS피앤엘","KOSPI","GENERAL","2024-12-23","false","NO_FMP_STOCK_SYMBOL","NO_FMP_STOCK_SYMBOL;NO_FMP_FINANCIAL_SYMBOL","499790.KS",""
"0001A0","덕양에너젠","KOSDAQ","GENERAL","2026-01-30","true","NO_FMP_STOCK_SYMBOL","NO_FMP_STOCK_SYMBOL;NO_FMP_FINANCIAL_SYMBOL","0001A0.KQ",""
"000440","중앙에너비스","KOSDAQ","GENERAL","1993-03-24","false","NO_FMP_STOCK_SYMBOL","NO_FMP_STOCK_SYMBOL;NO_FMP_FINANCIAL_SYMBOL","000440.KQ",""
"0004V0","엔비알모션","KOSDAQ","GENERAL","2026-01-14","true","NO_FMP_STOCK_SYMBOL","NO_FMP_STOCK_SYMBOL;NO_FMP_FINANCIAL_SYMBOL","0004V0.KQ",""
"0004Y0","디비금융제14호스팩","KOSDAQ","SPAC","2025-07-22","false","NO_FMP_STOCK_SYMBOL","NO_FMP_STOCK_SYMBOL;NO_FMP_FINANCIAL_SYMBOL","0004Y0.KQ",""
"0007C0","아크릴","KOSDAQ","GENERAL","2025-12-16","true","NO_FMP_STOCK_SYMBOL","NO_FMP_STOCK_SYMBOL;NO_FMP_FINANCIAL_SYMBOL","0007C0.KQ",""
"0007J0","인벤테라","KOSDAQ","GENERAL","2026-04-02","true","NO_FMP_STOCK_SYMBOL","NO_FMP_STOCK_SYMBOL;NO_FMP_FINANCIAL_SYMBOL","0007J0.KQ",""
"0008Z0","에스엔시스","KOSDAQ","GENERAL","2025-08-19","false","NO_FMP_STOCK_SYMBOL","NO_FMP_STOCK_SYMBOL;NO_FMP_FINANCIAL_SYMBOL","0008Z0.KQ",""
"0009K0","에임드바이오","KOSDAQ","GENERAL","2025-12-04","true","NO_FMP_STOCK_SYMBOL","NO_FMP_STOCK_SYMBOL;NO_FMP_FINANCIAL_SYMBOL","0009K0.KQ",""
"001000","신라섬유","KOSDAQ","GENERAL","1994-06-28","false","NO_FMP_STOCK_SYMBOL","NO_FMP_STOCK_SYMBOL;NO_FMP_FINANCIAL_SYMBOL","001000.KQ",""
"0010F0","보원케미칼","KOSDAQ","GENERAL","2026-04-03","true","QUARTERLY_HISTORY_LT_3Y","QUARTERLY_HISTORY_LT_3Y","0010F0.KQ","0010F0.KQ"
"0010V0","제이피아이헬스케어","KOSDAQ","GENERAL","2025-08-21","false","NO_FMP_STOCK_SYMBOL","NO_FMP_STOCK_SYMBOL;NO_FMP_FINANCIAL_SYMBOL","0010V0.KQ",""
"0011A0","액스비스","KOSDAQ","GENERAL","2026-03-09","true","NO_FMP_STOCK_SYMBOL","NO_FMP_STOCK_SYMBOL;NO_FMP_FINANCIAL_SYMBOL","0011A0.KQ",""
"0011T0","채비","KOSDAQ","GENERAL","2026-04-29","true","NO_FMP_STOCK_SYMBOL","NO_FMP_STOCK_SYMBOL;NO_FMP_FINANCIAL_SYMBOL","0011T0.KQ",""
"0013V0","삼진식품","KOSDAQ","GENERAL","2025-12-22","true","NO_FMP_STOCK_SYMBOL","NO_FMP_STOCK_SYMBOL;NO_FMP_FINANCIAL_SYMBOL","0013V0.KQ",""
"001540","안국약품","KOSDAQ","GENERAL","2000-06-15","false","NO_FMP_STOCK_SYMBOL","NO_FMP_STOCK_SYMBOL;NO_FMP_FINANCIAL_SYMBOL","001540.KQ",""
"0015G0","그린광학","KOSDAQ","GENERAL","2025-11-17","true","NO_FMP_STOCK_SYMBOL","NO_FMP_STOCK_SYMBOL;NO_FMP_FINANCIAL_SYMBOL","0015G0.KQ",""
"0015N0","아로마티카","KOSDAQ","GENERAL","2025-11-27","true","NO_FMP_STOCK_SYMBOL","NO_FMP_STOCK_SYMBOL;NO_FMP_FINANCIAL_SYMBOL","0015N0.KQ",""
"0015S0","페스카로","KOSDAQ","GENERAL","2025-12-10","true","NO_FMP_STOCK_SYMBOL","NO_FMP_STOCK_SYMBOL;NO_FMP_FINANCIAL_SYMBOL","0015S0.KQ",""
"0017J0","세미티에스","KOSDAQ","GENERAL","2026-06-10","true","NO_FMP_STOCK_SYMBOL","NO_FMP_STOCK_SYMBOL;NO_FMP_FINANCIAL_SYMBOL","0017J0.KQ",""
"001810","무림SP","KOSDAQ","GENERAL","2000-01-04","false","NO_FMP_STOCK_SYMBOL","NO_FMP_STOCK_SYMBOL;NO_FMP_FINANCIAL_SYMBOL","001810.KQ",""
"001840","이화공영","KOSDAQ","GENERAL","1994-11-23","false","NO_FMP_STOCK_SYMBOL","NO_FMP_STOCK_SYMBOL;NO_FMP_FINANCIAL_SYMBOL","001840.KQ",""
"002230","피에스텍","KOSDAQ","GENERAL","1991-01-04","false","NO_FMP_STOCK_SYMBOL","NO_FMP_STOCK_SYMBOL;NO_FMP_FINANCIAL_SYMBOL","002230.KQ",""
"002290","삼일기업공사","KOSDAQ","GENERAL","1992-11-30","false","NO_FMP_STOCK_SYMBOL","NO_FMP_STOCK_SYMBOL;NO_FMP_FINANCIAL_SYMBOL","002290.KQ",""
"002680","한탑","KOSDAQ","GENERAL","1995-07-07","false","NO_FMP_STOCK_SYMBOL","NO_FMP_STOCK_SYMBOL;NO_FMP_FINANCIAL_SYMBOL","002680.KQ",""
"002800","신신제약","KOSDAQ","GENERAL","2017-02-28","false","NO_FMP_STOCK_SYMBOL","NO_FMP_STOCK_SYMBOL;NO_FMP_FINANCIAL_SYMBOL","002800.KQ",""
"003310","대주산업","KOSDAQ","GENERAL","1992-08-01","false","NO_FMP_STOCK_SYMBOL","NO_FMP_STOCK_SYMBOL;NO_FMP_FINANCIAL_SYMBOL","003310.KQ",""
"0037T0","KB제32호스팩","KOSDAQ","SPAC","2025-07-04","false","NO_FMP_STOCK_SYMBOL","NO_FMP_STOCK_SYMBOL;NO_FMP_FINANCIAL_SYMBOL","0037T0.KQ",""
"003800","에이스침대","KOSDAQ","GENERAL","1996-05-03","false","NO_FMP_STOCK_SYMBOL","NO_FMP_STOCK_SYMBOL;NO_FMP_FINANCIAL_SYMBOL","003800.KQ",""
"0039P0","매드업","KOSDAQ","GENERAL","2026-07-01","true","NO_FMP_STOCK_SYMBOL","NO_FMP_STOCK_SYMBOL;NO_FMP_FINANCIAL_SYMBOL","0039P0.KQ",""
"0041B0","교보18호스팩","KOSDAQ","SPAC","2025-08-14","false","NO_FMP_STOCK_SYMBOL","NO_FMP_STOCK_SYMBOL;NO_FMP_FINANCIAL_SYMBOL","0041B0.KQ",""
"0041J0","엘에스스팩1호","KOSDAQ","SPAC","2025-07-22","false","NO_FMP_STOCK_SYMBOL","NO_FMP_STOCK_SYMBOL;NO_FMP_FINANCIAL_SYMBOL","0041J0.KQ",""
"0041L0","하나35호스팩","KOSDAQ","SPAC","2025-08-06","false","NO_FMP_FINANCIAL_SYMBOL","NO_FMP_FINANCIAL_SYMBOL","0041L0.KQ","0041L0.KQ"
"0044K0","삼성스팩10호","KOSDAQ","SPAC","2025-08-21","false","NO_FMP_STOCK_SYMBOL","NO_FMP_STOCK_SYMBOL;NO_FMP_FINANCIAL_SYMBOL","0044K0.KQ",""
"004590","한국가구","KOSDAQ","GENERAL","1993-06-03","false","NO_FMP_STOCK_SYMBOL","NO_FMP_STOCK_SYMBOL;NO_FMP_FINANCIAL_SYMBOL","004590.KQ",""
"004650","창해에탄올","KOSDAQ","GENERAL","2014-07-30","false","NO_FMP_STOCK_SYMBOL","NO_FMP_STOCK_SYMBOL;NO_FMP_FINANCIAL_SYMBOL","004650.KQ",""
"004780","대륙제관","KOSDAQ","GENERAL","1994-12-29","false","NO_FMP_STOCK_SYMBOL","NO_FMP_STOCK_SYMBOL;NO_FMP_FINANCIAL_SYMBOL","004780.KQ",""
"005160","동국산업","KOSDAQ","GENERAL","1999-06-25","false","NO_FMP_STOCK_SYMBOL","NO_FMP_STOCK_SYMBOL;NO_FMP_FINANCIAL_SYMBOL","005160.KQ",""
"0054V0","엔에이치스팩32호","KOSDAQ","SPAC","2025-12-05","true","NO_FMP_STOCK_SYMBOL","NO_FMP_STOCK_SYMBOL;NO_FMP_FINANCIAL_SYMBOL","0054V0.KQ",""
"005670","푸드웰","KOSDAQ","GENERAL","1993-12-07","false","NO_FMP_STOCK_SYMBOL","NO_FMP_STOCK_SYMBOL;NO_FMP_FINANCIAL_SYMBOL","005670.KQ",""
"005710","대원산업","KOSDAQ","GENERAL","1993-06-21","false","NO_FMP_STOCK_SYMBOL","NO_FMP_STOCK_SYMBOL;NO_FMP_FINANCIAL_SYMBOL","005710.KQ",""
"005860","한일사료","KOSDAQ","GENERAL","1994-11-07","false","NO_FMP_STOCK_SYMBOL","NO_FMP_STOCK_SYMBOL;NO_FMP_FINANCIAL_SYMBOL","005860.KQ",""
"005990","매일홀딩스","KOSDAQ","GENERAL","1999-05-14","false","NO_FMP_STOCK_SYMBOL","NO_FMP_STOCK_SYMBOL;NO_FMP_FINANCIAL_SYMBOL","005990.KQ",""
"006620","동구바이오제약","KOSDAQ","GENERAL","2018-02-13","false","NO_FMP_STOCK_SYMBOL","NO_FMP_STOCK_SYMBOL;NO_FMP_FINANCIAL_SYMBOL","006620.KQ",""
"0068Y0","비엔케이제3호스팩","KOSDAQ","SPAC","2025-11-21","true","NO_FMP_STOCK_SYMBOL","NO_FMP_STOCK_SYMBOL;NO_FMP_FINANCIAL_SYMBOL","0068Y0.KQ",""
"006920","모헨즈","KOSDAQ","GENERAL","1989-01-05","false","NO_FMP_STOCK_SYMBOL","NO_FMP_STOCK_SYMBOL;NO_FMP_FINANCIAL_SYMBOL","006920.KQ",""
"0071M0","삼성스팩11호","KOSDAQ","SPAC","2025-09-30","true","QUARTERLY_CASH_FLOW_MISSING","QUARTERLY_CASH_FLOW_MISSING;ANNUAL_EXISTS_QUARTERLY_INCOMPLETE;ANNUAL_HISTORY_LT_3Y","0071M0.KQ","0071M0.KQ"
"0072Z0","KB제33호스팩","KOSDAQ","SPAC","2025-09-30","true","NO_FMP_FINANCIAL_SYMBOL","NO_FMP_FINANCIAL_SYMBOL","0072Z0.KQ","0072Z0.KQ"
"007330","푸른저축은행","KOSDAQ","GENERAL","1993-12-07","false","NO_FMP_STOCK_SYMBOL","NO_FMP_STOCK_SYMBOL;NO_FMP_FINANCIAL_SYMBOL","007330.KQ",""
"007370","진양제약","KOSDAQ","GENERAL","2000-07-27","false","NO_FMP_STOCK_SYMBOL","NO_FMP_STOCK_SYMBOL;NO_FMP_FINANCIAL_SYMBOL","007370.KQ",""
"007530","와이엠","KOSDAQ","GENERAL","1994-08-05","false","NO_FMP_STOCK_SYMBOL","NO_FMP_STOCK_SYMBOL;NO_FMP_FINANCIAL_SYMBOL","007530.KQ",""
"007680","대원","KOSDAQ","GENERAL","2017-12-01","false","NO_FMP_STOCK_SYMBOL","NO_FMP_STOCK_SYMBOL;NO_FMP_FINANCIAL_SYMBOL","007680.KQ",""
"007720","소노스퀘어","KOSDAQ","GENERAL","1994-01-06","false","NO_FMP_STOCK_SYMBOL","NO_FMP_STOCK_SYMBOL;NO_FMP_FINANCIAL_SYMBOL","007720.KQ",""
"007770","한일화학","KOSDAQ","GENERAL","1992-09-07","false","NO_FMP_STOCK_SYMBOL","NO_FMP_STOCK_SYMBOL;NO_FMP_FINANCIAL_SYMBOL","007770.KQ",""
"007820","엠엑스로보틱스","KOSDAQ","GENERAL","2011-11-08","false","NO_FMP_STOCK_SYMBOL","NO_FMP_STOCK_SYMBOL;NO_FMP_FINANCIAL_SYMBOL","007820.KQ",""
"008290","원풍물산","KOSDAQ","GENERAL","1997-07-18","false","NO_FMP_STOCK_SYMBOL","NO_FMP_STOCK_SYMBOL;NO_FMP_FINANCIAL_SYMBOL","008290.KQ",""
"0082N0","카나프테라퓨틱스","KOSDAQ","GENERAL","2026-03-16","true","NO_FMP_STOCK_SYMBOL","NO_FMP_STOCK_SYMBOL;NO_FMP_FINANCIAL_SYMBOL","0082N0.KQ",""
"008370","원풍","KOSDAQ","GENERAL","1992-12-18","false","NO_FMP_STOCK_SYMBOL","NO_FMP_STOCK_SYMBOL;NO_FMP_FINANCIAL_SYMBOL","008370.KQ",""
"008470","부스타","KOSDAQ","GENERAL","2011-02-23","false","NO_FMP_STOCK_SYMBOL","NO_FMP_STOCK_SYMBOL;NO_FMP_FINANCIAL_SYMBOL","008470.KQ",""
"008830","대동기어","KOSDAQ","GENERAL","1991-05-17","false","NO_FMP_STOCK_SYMBOL","NO_FMP_STOCK_SYMBOL;NO_FMP_FINANCIAL_SYMBOL","008830.KQ",""
"0088D0","메리츠제1호스팩","KOSDAQ","SPAC","2025-12-15","true","NO_FMP_STOCK_SYMBOL","NO_FMP_STOCK_SYMBOL;NO_FMP_FINANCIAL_SYMBOL","0088D0.KQ",""
"0088M0","메쥬","KOSDAQ","GENERAL","2026-03-26","true","NO_FMP_STOCK_SYMBOL","NO_FMP_STOCK_SYMBOL;NO_FMP_FINANCIAL_SYMBOL","0088M0.KQ",""
"0091W0","신영스팩11호","KOSDAQ","SPAC","2025-11-24","true","NO_FMP_STOCK_SYMBOL","NO_FMP_STOCK_SYMBOL;NO_FMP_FINANCIAL_SYMBOL","0091W0.KQ",""
"009300","삼아제약","KOSDAQ","GENERAL","2000-07-19","false","NO_FMP_STOCK_SYMBOL","NO_FMP_STOCK_SYMBOL;NO_FMP_FINANCIAL_SYMBOL","009300.KQ",""
"0093G0","미래에셋비전스팩8호","KOSDAQ","SPAC","2025-11-27","true","NO_FMP_STOCK_SYMBOL","NO_FMP_STOCK_SYMBOL;NO_FMP_FINANCIAL_SYMBOL","0093G0.KQ",""
"009620","삼보산업","KOSDAQ","GENERAL","1993-12-07","false","NO_FMP_STOCK_SYMBOL","NO_FMP_STOCK_SYMBOL;NO_FMP_FINANCIAL_SYMBOL","009620.KQ",""
"0096B0","삼성스팩12호","KOSDAQ","SPAC","2025-11-28","true","NO_FMP_STOCK_SYMBOL","NO_FMP_STOCK_SYMBOL;NO_FMP_FINANCIAL_SYMBOL","0096B0.KQ",""
"0096D0","미래에셋비전스팩9호","KOSDAQ","SPAC","2025-12-01","true","NO_FMP_STOCK_SYMBOL","NO_FMP_STOCK_SYMBOL;NO_FMP_FINANCIAL_SYMBOL","0096D0.KQ",""
"009780","엠에스씨","KOSDAQ","GENERAL","1993-10-12","false","NO_FMP_STOCK_SYMBOL","NO_FMP_STOCK_SYMBOL;NO_FMP_FINANCIAL_SYMBOL","009780.KQ",""
"0097F0","미래에셋비전스팩10호","KOSDAQ","SPAC","2025-12-23","true","NO_FMP_STOCK_SYMBOL","NO_FMP_STOCK_SYMBOL;NO_FMP_FINANCIAL_SYMBOL","0097F0.KQ",""
"0098T0","교보19호스팩","KOSDAQ","SPAC","2025-12-12","true","NO_FMP_STOCK_SYMBOL","NO_FMP_STOCK_SYMBOL;NO_FMP_FINANCIAL_SYMBOL","0098T0.KQ",""
"0099W0","미래에셋비전스팩11호","KOSDAQ","SPAC","2025-12-22","true","NO_FMP_STOCK_SYMBOL","NO_FMP_STOCK_SYMBOL;NO_FMP_FINANCIAL_SYMBOL","0099W0.KQ",""
"0099X0","IBKS제25호스팩","KOSDAQ","SPAC","2025-12-19","true","NO_FMP_STOCK_SYMBOL","NO_FMP_STOCK_SYMBOL;NO_FMP_FINANCIAL_SYMBOL","0099X0.KQ",""
"0101C0","하나36호스팩","KOSDAQ","SPAC","2025-12-22","true","NO_FMP_STOCK_SYMBOL","NO_FMP_STOCK_SYMBOL;NO_FMP_FINANCIAL_SYMBOL","0101C0.KQ",""
"010240","흥국","KOSDAQ","GENERAL","2009-05-12","false","NO_FMP_STOCK_SYMBOL","NO_FMP_STOCK_SYMBOL;NO_FMP_FINANCIAL_SYMBOL","010240.KQ",""
"010280","아이티센엔텍","KOSDAQ","GENERAL","2000-04-14","false","NO_FMP_STOCK_SYMBOL","NO_FMP_STOCK_SYMBOL;NO_FMP_FINANCIAL_SYMBOL","010280.KQ",""
"010470","오리콤","KOSDAQ","GENERAL","2000-10-24","false","NO_FMP_STOCK_SYMBOL","NO_FMP_STOCK_SYMBOL;NO_FMP_FINANCIAL_SYMBOL","010470.KQ",""
"0105P0","유진스팩12호","KOSDAQ","SPAC","2025-12-11","true","NO_FMP_STOCK_SYMBOL","NO_FMP_STOCK_SYMBOL;NO_FMP_FINANCIAL_SYMBOL","0105P0.KQ",""
"011040","경동제약","KOSDAQ","GENERAL","1992-12-18","false","NO_FMP_STOCK_SYMBOL","NO_FMP_STOCK_SYMBOL;NO_FMP_FINANCIAL_SYMBOL","011040.KQ",""
"011080","형지I&C","KOSDAQ","GENERAL","2004-07-02","false","NO_FMP_STOCK_SYMBOL","NO_FMP_STOCK_SYMBOL;NO_FMP_FINANCIAL_SYMBOL","011080.KQ",""
"011320","유니크","KOSDAQ","GENERAL","1993-12-29","false","NO_FMP_STOCK_SYMBOL","NO_FMP_STOCK_SYMBOL;NO_FMP_FINANCIAL_SYMBOL","011320.KQ",""
"011370","서한","KOSDAQ","GENERAL","1994-05-24","false","NO_FMP_STOCK_SYMBOL","NO_FMP_STOCK_SYMBOL;NO_FMP_FINANCIAL_SYMBOL","011370.KQ",""
"011560","세보엠이씨","KOSDAQ","GENERAL","1996-12-23","false","NO_FMP_STOCK_SYMBOL","NO_FMP_STOCK_SYMBOL;NO_FMP_FINANCIAL_SYMBOL","011560.KQ",""
"0115H0","삼성스팩13호","KOSDAQ","SPAC","2026-01-21","true","NO_FMP_STOCK_SYMBOL","NO_FMP_STOCK_SYMBOL;NO_FMP_FINANCIAL_SYMBOL","0115H0.KQ",""
"0117P0","피스피스스튜디오","KOSDAQ","GENERAL","2026-06-08","true","NO_FMP_STOCK_SYMBOL","NO_FMP_STOCK_SYMBOL;NO_FMP_FINANCIAL_SYMBOL","0117P0.KQ",""
"012210","삼미금속","KOSDAQ","GENERAL","2025-12-29","true","NO_FMP_STOCK_SYMBOL","NO_FMP_STOCK_SYMBOL;NO_FMP_FINANCIAL_SYMBOL","012210.KQ",""
"012340","뉴인텍","KOSDAQ","GENERAL","1997-02-12","false","NO_FMP_STOCK_SYMBOL","NO_FMP_STOCK_SYMBOL;NO_FMP_FINANCIAL_SYMBOL","012340.KQ",""
"012620","원일특강","KOSDAQ","GENERAL","1994-06-28","false","NO_FMP_STOCK_SYMBOL","NO_FMP_STOCK_SYMBOL;NO_FMP_FINANCIAL_SYMBOL","012620.KQ",""
"012700","리드코프","KOSDAQ","GENERAL","1996-01-19","false","NO_FMP_STOCK_SYMBOL","NO_FMP_STOCK_SYMBOL;NO_FMP_FINANCIAL_SYMBOL","012700.KQ",""
"012790","신일제약","KOSDAQ","GENERAL","1999-08-13","false","NO_FMP_STOCK_SYMBOL","NO_FMP_STOCK_SYMBOL;NO_FMP_FINANCIAL_SYMBOL","012790.KQ",""
"012860","모베이스전자","KOSDAQ","GENERAL","1994-10-26","false","NO_FMP_STOCK_SYMBOL","NO_FMP_STOCK_SYMBOL;NO_FMP_FINANCIAL_SYMBOL","012860.KQ",""
"0129K0","신한제18호스팩","KOSDAQ","SPAC","2026-04-30","true","NO_FMP_STOCK_SYMBOL","NO_FMP_STOCK_SYMBOL;NO_FMP_FINANCIAL_SYMBOL","0129K0.KQ",""
"0130D0","신한제17호스팩","KOSDAQ","SPAC","2026-04-01","true","NO_FMP_STOCK_SYMBOL","NO_FMP_STOCK_SYMBOL;NO_FMP_FINANCIAL_SYMBOL","0130D0.KQ",""
"0130H0","엔에이치스팩33호","KOSDAQ","SPAC","2026-03-27","true","NO_FMP_STOCK_SYMBOL","NO_FMP_STOCK_SYMBOL;NO_FMP_FINANCIAL_SYMBOL","0130H0.KQ",""
"0131D0","키움히어로제2호스팩","KOSDAQ","SPAC","2026-04-23","true","NO_FMP_STOCK_SYMBOL","NO_FMP_STOCK_SYMBOL;NO_FMP_FINANCIAL_SYMBOL","0131D0.KQ",""
"0132G0","교보20호스팩","KOSDAQ","SPAC","2026-04-02","true","NO_FMP_STOCK_SYMBOL","NO_FMP_STOCK_SYMBOL;NO_FMP_FINANCIAL_SYMBOL","0132G0.KQ",""
"013310","아진산업","KOSDAQ","GENERAL","2015-12-22","false","NO_FMP_STOCK_SYMBOL","NO_FMP_STOCK_SYMBOL;NO_FMP_FINANCIAL_SYMBOL","013310.KQ",""
"0134X0","대신밸런스제20호스팩","KOSDAQ","SPAC","2026-06-05","true","NO_FMP_STOCK_SYMBOL","NO_FMP_STOCK_SYMBOL;NO_FMP_FINANCIAL_SYMBOL","0134X0.KQ",""
"013720","청보","KOSDAQ","GENERAL","1993-12-29","false","NO_FMP_STOCK_SYMBOL","NO_FMP_STOCK_SYMBOL;NO_FMP_FINANCIAL_SYMBOL","013720.KQ",""
"013810","스페코","KOSDAQ","GENERAL","1997-11-03","false","NO_FMP_STOCK_SYMBOL","NO_FMP_STOCK_SYMBOL;NO_FMP_FINANCIAL_SYMBOL","013810.KQ",""
"013990","아가방컴퍼니","KOSDAQ","GENERAL","2002-01-17","false","NO_FMP_STOCK_SYMBOL","NO_FMP_STOCK_SYMBOL;NO_FMP_FINANCIAL_SYMBOL","013990.KQ",""
"014100","메디앙스","KOSDAQ","GENERAL","1995-01-03","false","NO_FMP_STOCK_SYMBOL","NO_FMP_STOCK_SYMBOL;NO_FMP_FINANCIAL_SYMBOL","014100.KQ",""
"014190","원익큐브","KOSDAQ","GENERAL","1996-04-26","false","NO_FMP_STOCK_SYMBOL","NO_FMP_STOCK_SYMBOL;NO_FMP_FINANCIAL_SYMBOL","014190.KQ",""
"014470","부방","KOSDAQ","GENERAL","1994-02-25","false","NO_FMP_STOCK_SYMBOL","NO_FMP_STOCK_SYMBOL;NO_FMP_FINANCIAL_SYMBOL","014470.KQ",""
"014570","고려제약","KOSDAQ","GENERAL","2000-12-07","false","NO_FMP_STOCK_SYMBOL","NO_FMP_STOCK_SYMBOL;NO_FMP_FINANCIAL_SYMBOL","014570.KQ",""
"014940","오리엔탈정공","KOSDAQ","GENERAL","2001-12-26","false","NO_FMP_STOCK_SYMBOL","NO_FMP_STOCK_SYMBOL;NO_FMP_FINANCIAL_SYMBOL","014940.KQ",""
"014950","삼익제약","KOSDAQ","GENERAL","2025-10-27","true","NO_FMP_STOCK_SYMBOL","NO_FMP_STOCK_SYMBOL;NO_FMP_FINANCIAL_SYMBOL","014950.KQ",""
"0155E0","해치텍","KOSDAQ","GENERAL","2026-08-25","true","NO_FMP_STOCK_SYMBOL","NO_FMP_STOCK_SYMBOL;NO_FMP_FINANCIAL_SYMBOL","0155E0.KQ",""
"0156T0","에이치엘지노믹스","KOSDAQ","GENERAL","2026-07-24","true","NO_FMP_STOCK_SYMBOL","NO_FMP_STOCK_SYMBOL;NO_FMP_FINANCIAL_SYMBOL","0156T0.KQ",""
"015710","코콤","KOSDAQ","GENERAL","1997-09-30","false","NO_FMP_STOCK_SYMBOL","NO_FMP_STOCK_SYMBOL;NO_FMP_FINANCIAL_SYMBOL","015710.KQ",""
"016250","SGC E&C","KOSDAQ","GENERAL","1999-12-28","false","NO_FMP_STOCK_SYMBOL","NO_FMP_STOCK_SYMBOL;NO_FMP_FINANCIAL_SYMBOL","016250.KQ",""
"0164H0","한국제16호스팩","KOSDAQ","SPAC","2026-06-30","true","NO_FMP_STOCK_SYMBOL","NO_FMP_STOCK_SYMBOL;NO_FMP_FINANCIAL_SYMBOL","0164H0.KQ",""
"0165X0","메리츠제2호스팩","KOSDAQ","SPAC","2026-06-19","true","NO_FMP_STOCK_SYMBOL","NO_FMP_STOCK_SYMBOL;NO_FMP_FINANCIAL_SYMBOL","0165X0.KQ",""
"016600","큐캐피탈","KOSDAQ","GENERAL","1993-06-21","false","NO_FMP_STOCK_SYMBOL","NO_FMP_STOCK_SYMBOL;NO_FMP_FINANCIAL_SYMBOL","016600.KQ",""
"016670","디모아","KOSDAQ","GENERAL","1993-04-21","false","NO_FMP_STOCK_SYMBOL","NO_FMP_STOCK_SYMBOL;NO_FMP_FINANCIAL_SYMBOL","016670.KQ",""
"016790","현대사료","KOSDAQ","GENERAL","2018-06-01","false","NO_FMP_STOCK_SYMBOL","NO_FMP_STOCK_SYMBOL;NO_FMP_FINANCIAL_SYMBOL","016790.KQ",""
"016920","카스","KOSDAQ","GENERAL","1990-01-04","false","NO_FMP_STOCK_SYMBOL","NO_FMP_STOCK_SYMBOL;NO_FMP_FINANCIAL_SYMBOL","016920.KQ",""
"017000","신원종합개발","KOSDAQ","GENERAL","1994-12-07","false","NO_FMP_STOCK_SYMBOL","NO_FMP_STOCK_SYMBOL;NO_FMP_FINANCIAL_SYMBOL","017000.KQ",""
"017250","인터엠","KOSDAQ","GENERAL","1996-01-03","false","NO_FMP_STOCK_SYMBOL","NO_FMP_STOCK_SYMBOL;NO_FMP_FINANCIAL_SYMBOL","017250.KQ",""
"017480","삼현철강","KOSDAQ","GENERAL","2001-01-09","false","NO_FMP_STOCK_SYMBOL","NO_FMP_STOCK_SYMBOL;NO_FMP_FINANCIAL_SYMBOL","017480.KQ",""
"017510","세명전기","KOSDAQ","GENERAL","1991-12-26","false","NO_FMP_STOCK_SYMBOL","NO_FMP_STOCK_SYMBOL;NO_FMP_FINANCIAL_SYMBOL","017510.KQ",""
"017650","대림제지","KOSDAQ","GENERAL","1994-11-07","false","NO_FMP_STOCK_SYMBOL","NO_FMP_STOCK_SYMBOL;NO_FMP_FINANCIAL_SYMBOL","017650.KQ",""
"017890","한국알콜","KOSDAQ","GENERAL","1992-08-04","false","NO_FMP_STOCK_SYMBOL","NO_FMP_STOCK_SYMBOL;NO_FMP_FINANCIAL_SYMBOL","017890.KQ",""
"018120","진로발효","KOSDAQ","GENERAL","1993-12-29","false","NO_FMP_STOCK_SYMBOL","NO_FMP_STOCK_SYMBOL;NO_FMP_FINANCIAL_SYMBOL","018120.KQ",""
"018310","삼목에스폼","KOSDAQ","GENERAL","1996-05-03","false","NO_FMP_STOCK_SYMBOL","NO_FMP_STOCK_SYMBOL;NO_FMP_FINANCIAL_SYMBOL","018310.KQ",""
"018620","우진비앤지","KOSDAQ","GENERAL","2008-05-20","false","NO_FMP_STOCK_SYMBOL","NO_FMP_STOCK_SYMBOL;NO_FMP_FINANCIAL_SYMBOL","018620.KQ",""
"018680","서울제약","KOSDAQ","GENERAL","2000-08-18","false","NO_FMP_STOCK_SYMBOL","NO_FMP_STOCK_SYMBOL;NO_FMP_FINANCIAL_SYMBOL","018680.KQ",""
"018700","졸스","KOSDAQ","GENERAL","1994-03-18","false","NO_FMP_STOCK_SYMBOL","NO_FMP_STOCK_SYMBOL;NO_FMP_FINANCIAL_SYMBOL","018700.KQ",""
"019010","베뉴지","KOSDAQ","GENERAL","1993-11-05","false","NO_FMP_STOCK_SYMBOL","NO_FMP_STOCK_SYMBOL;NO_FMP_FINANCIAL_SYMBOL","019010.KQ",""
"019540","일지테크","KOSDAQ","GENERAL","1992-11-03","false","NO_FMP_STOCK_SYMBOL","NO_FMP_STOCK_SYMBOL;NO_FMP_FINANCIAL_SYMBOL","019540.KQ",""
"019550","SBI인베스트먼트","KOSDAQ","GENERAL","1989-09-06","false","NO_FMP_STOCK_SYMBOL","NO_FMP_STOCK_SYMBOL;NO_FMP_FINANCIAL_SYMBOL","019550.KQ",""
"019570","GMI벤처","KOSDAQ","GENERAL","1989-03-14","false","NO_FMP_STOCK_SYMBOL","NO_FMP_STOCK_SYMBOL;NO_FMP_FINANCIAL_SYMBOL","019570.KQ",""
"019660","글로본","KOSDAQ","GENERAL","1992-06-04","false","NO_FMP_STOCK_SYMBOL","NO_FMP_STOCK_SYMBOL;NO_FMP_FINANCIAL_SYMBOL","019660.KQ",""
"019770","서연탑메탈","KOSDAQ","GENERAL","2011-06-24","false","NO_FMP_STOCK_SYMBOL","NO_FMP_STOCK_SYMBOL;NO_FMP_FINANCIAL_SYMBOL","019770.KQ",""
"019990","에너토크","KOSDAQ","GENERAL","2006-02-01","false","NO_FMP_STOCK_SYMBOL","NO_FMP_STOCK_SYMBOL;NO_FMP_FINANCIAL_SYMBOL","019990.KQ",""
"020180","대신정보통신","KOSDAQ","GENERAL","1995-10-06","false","NO_FMP_STOCK_SYMBOL","NO_FMP_STOCK_SYMBOL;NO_FMP_FINANCIAL_SYMBOL","020180.KQ",""
"020400","대동금속","KOSDAQ","GENERAL","1993-07-30","false","NO_FMP_STOCK_SYMBOL","NO_FMP_STOCK_SYMBOL;NO_FMP_FINANCIAL_SYMBOL","020400.KQ",""
"020710","시공테크","KOSDAQ","GENERAL","1999-08-13","false","NO_FMP_STOCK_SYMBOL","NO_FMP_STOCK_SYMBOL;NO_FMP_FINANCIAL_SYMBOL","020710.KQ",""
"021040","대호특수강","KOSDAQ","GENERAL","1996-08-27","false","NO_FMP_STOCK_SYMBOL","NO_FMP_STOCK_SYMBOL;NO_FMP_FINANCIAL_SYMBOL","021040.KQ",""
"021080","에이티넘인베스트","KOSDAQ","GENERAL","1991-07-12","false","NO_FMP_STOCK_SYMBOL","NO_FMP_STOCK_SYMBOL;NO_FMP_FINANCIAL_SYMBOL","021080.KQ",""
"021320","KCC건설","KOSDAQ","GENERAL","2001-08-21","false","NO_FMP_STOCK_SYMBOL","NO_FMP_STOCK_SYMBOL;NO_FMP_FINANCIAL_SYMBOL","021320.KQ",""
"021650","한국큐빅","KOSDAQ","GENERAL","2003-01-24","false","NO_FMP_STOCK_SYMBOL","NO_FMP_STOCK_SYMBOL;NO_FMP_FINANCIAL_SYMBOL","021650.KQ",""
"021880","메이슨캐피탈","KOSDAQ","GENERAL","1996-09-02","false","NO_FMP_STOCK_SYMBOL","NO_FMP_STOCK_SYMBOL;NO_FMP_FINANCIAL_SYMBOL","021880.KQ",""
"0218L0","네오뷰","KOSDAQ","GENERAL","2026-07-27","true","NO_FMP_STOCK_SYMBOL","NO_FMP_STOCK_SYMBOL;NO_FMP_FINANCIAL_SYMBOL","0218L0.KQ",""
"022220","티케이지애강","KOSDAQ","GENERAL","2006-04-11","false","NO_FMP_STOCK_SYMBOL","NO_FMP_STOCK_SYMBOL;NO_FMP_FINANCIAL_SYMBOL","022220.KQ",""
"023440","제이스코홀딩스","KOSDAQ","GENERAL","1994-10-07","false","NO_FMP_STOCK_SYMBOL","NO_FMP_STOCK_SYMBOL;NO_FMP_FINANCIAL_SYMBOL","023440.KQ",""
"023600","삼보판지","KOSDAQ","GENERAL","1996-05-29","false","NO_FMP_STOCK_SYMBOL","NO_FMP_STOCK_SYMBOL;NO_FMP_FINANCIAL_SYMBOL","023600.KQ",""
"023760","한국캐피탈","KOSDAQ","GENERAL","1994-11-07","false","NO_FMP_STOCK_SYMBOL","NO_FMP_STOCK_SYMBOL;NO_FMP_FINANCIAL_SYMBOL","023760.KQ",""
"023770","플레이위드","KOSDAQ","GENERAL","1994-11-07","false","NO_FMP_STOCK_SYMBOL","NO_FMP_STOCK_SYMBOL;NO_FMP_FINANCIAL_SYMBOL","023770.KQ",""
"023790","동일스틸럭스","KOSDAQ","GENERAL","1994-11-07","false","NO_FMP_STOCK_SYMBOL","NO_FMP_STOCK_SYMBOL;NO_FMP_FINANCIAL_SYMBOL","023790.KQ",""
"023900","풍국주정","KOSDAQ","GENERAL","1994-11-23","false","NO_FMP_STOCK_SYMBOL","NO_FMP_STOCK_SYMBOL;NO_FMP_FINANCIAL_SYMBOL","023900.KQ",""
"024060","흥구석유","KOSDAQ","GENERAL","1994-12-07","false","NO_FMP_STOCK_SYMBOL","NO_FMP_STOCK_SYMBOL;NO_FMP_FINANCIAL_SYMBOL","024060.KQ",""
"024120","KB오토시스","KOSDAQ","GENERAL","1994-12-07","false","NO_FMP_STOCK_SYMBOL","NO_FMP_STOCK_SYMBOL;NO_FMP_FINANCIAL_SYMBOL","024120.KQ",""
"024740","한일단조","KOSDAQ","GENERAL","1996-11-29","false","NO_FMP_STOCK_SYMBOL","NO_FMP_STOCK_SYMBOL;NO_FMP_FINANCIAL_SYMBOL","024740.KQ",""
"024800","유성티엔에스","KOSDAQ","GENERAL","1999-12-10","false","NO_FMP_STOCK_SYMBOL","NO_FMP_STOCK_SYMBOL;NO_FMP_FINANCIAL_SYMBOL","024800.KQ",""
"024830","세원물산","KOSDAQ","GENERAL","1994-12-29","false","NO_FMP_STOCK_SYMBOL","NO_FMP_STOCK_SYMBOL;NO_FMP_FINANCIAL_SYMBOL","024830.KQ",""
"024840","KBI메탈","KOSDAQ","GENERAL","1994-12-29","false","NO_FMP_STOCK_SYMBOL","NO_FMP_STOCK_SYMBOL;NO_FMP_FINANCIAL_SYMBOL","024840.KQ",""
"024850","HLB이노베이션","KOSDAQ","GENERAL","2001-01-18","false","NO_FMP_STOCK_SYMBOL","NO_FMP_STOCK_SYMBOL;NO_FMP_FINANCIAL_SYMBOL","024850.KQ",""
"024880","케이피에프","KOSDAQ","GENERAL","1994-12-29","false","NO_FMP_STOCK_SYMBOL","NO_FMP_STOCK_SYMBOL;NO_FMP_FINANCIAL_SYMBOL","024880.KQ",""
"024910","경창산업","KOSDAQ","GENERAL","1994-12-29","false","NO_FMP_STOCK_SYMBOL","NO_FMP_STOCK_SYMBOL;NO_FMP_FINANCIAL_SYMBOL","024910.KQ",""
"024940","PN풍년","KOSDAQ","GENERAL","1995-01-04","false","NO_FMP_STOCK_SYMBOL","NO_FMP_STOCK_SYMBOL;NO_FMP_FINANCIAL_SYMBOL","024940.KQ",""
"024950","삼천리자전거","KOSDAQ","GENERAL","1995-01-04","false","NO_FMP_STOCK_SYMBOL","NO_FMP_STOCK_SYMBOL;NO_FMP_FINANCIAL_SYMBOL","024950.KQ",""
"025440","DH오토웨어","KOSDAQ","GENERAL","1995-05-22","false","NO_FMP_STOCK_SYMBOL","NO_FMP_STOCK_SYMBOL;NO_FMP_FINANCIAL_SYMBOL","025440.KQ",""
"025550","한국선재","KOSDAQ","GENERAL","1995-06-19","false","NO_FMP_STOCK_SYMBOL","NO_FMP_STOCK_SYMBOL;NO_FMP_FINANCIAL_SYMBOL","025550.KQ",""
"025770","한국정보통신","KOSDAQ","GENERAL","1998-01-20","false","NO_FMP_STOCK_SYMBOL","NO_FMP_STOCK_SYMBOL;NO_FMP_FINANCIAL_SYMBOL","025770.KQ",""
"025870","신라에스지","KOSDAQ","GENERAL","1995-07-07","false","NO_FMP_STOCK_SYMBOL","NO_FMP_STOCK_SYMBOL;NO_FMP_FINANCIAL_SYMBOL","025870.KQ",""
"025880","케이씨피드","KOSDAQ","GENERAL","1995-07-07","false","NO_FMP_STOCK_SYMBOL","NO_FMP_STOCK_SYMBOL;NO_FMP_FINANCIAL_SYMBOL","025880.KQ",""
"025950","동신건설","KOSDAQ","GENERAL","1995-08-07","false","NO_FMP_STOCK_SYMBOL","NO_FMP_STOCK_SYMBOL;NO_FMP_FINANCIAL_SYMBOL","025950.KQ",""
"026040","제이에스티나","KOSDAQ","GENERAL","1999-12-21","false","NO_FMP_STOCK_SYMBOL","NO_FMP_STOCK_SYMBOL;NO_FMP_FINANCIAL_SYMBOL","026040.KQ",""
"026150","특수건설","KOSDAQ","GENERAL","1997-08-06","false","NO_FMP_STOCK_SYMBOL","NO_FMP_STOCK_SYMBOL;NO_FMP_FINANCIAL_SYMBOL","026150.KQ",""
"027040","서울전자통신","KOSDAQ","GENERAL","1999-12-03","false","NO_FMP_STOCK_SYMBOL","NO_FMP_STOCK_SYMBOL;NO_FMP_FINANCIAL_SYMBOL","027040.KQ",""
"027050","코리아나","KOSDAQ","GENERAL","1999-12-10","false","NO_FMP_STOCK_SYMBOL","NO_FMP_STOCK_SYMBOL;NO_FMP_FINANCIAL_SYMBOL","027050.KQ",""
"027580","상보","KOSDAQ","GENERAL","2007-10-01","false","NO_FMP_STOCK_SYMBOL","NO_FMP_STOCK_SYMBOL;NO_FMP_FINANCIAL_SYMBOL","027580.KQ",""
"027710","팜스토리","KOSDAQ","GENERAL","1996-07-06","false","NO_FMP_STOCK_SYMBOL","NO_FMP_STOCK_SYMBOL;NO_FMP_FINANCIAL_SYMBOL","027710.KQ",""
"027830","대성창투","KOSDAQ","GENERAL","1999-11-30","false","NO_FMP_STOCK_SYMBOL","NO_FMP_STOCK_SYMBOL;NO_FMP_FINANCIAL_SYMBOL","027830.KQ",""
"028080","휴맥스홀딩스","KOSDAQ","GENERAL","1997-04-16","false","NO_FMP_STOCK_SYMBOL","NO_FMP_STOCK_SYMBOL;NO_FMP_FINANCIAL_SYMBOL","028080.KQ",""
"029480","광무","KOSDAQ","GENERAL","1996-08-27","false","NO_FMP_STOCK_SYMBOL","NO_FMP_STOCK_SYMBOL;NO_FMP_FINANCIAL_SYMBOL","029480.KQ",""
"030350","드래곤플라이","KOSDAQ","GENERAL","1997-11-10","false","NO_FMP_STOCK_SYMBOL","NO_FMP_STOCK_SYMBOL;NO_FMP_FINANCIAL_SYMBOL","030350.KQ",""
"030960","양지사","KOSDAQ","GENERAL","1996-10-24","false","NO_FMP_STOCK_SYMBOL","NO_FMP_STOCK_SYMBOL;NO_FMP_FINANCIAL_SYMBOL","030960.KQ",""
"031310","아이즈비전","KOSDAQ","GENERAL","1997-07-25","false","NO_FMP_STOCK_SYMBOL","NO_FMP_STOCK_SYMBOL;NO_FMP_FINANCIAL_SYMBOL","031310.KQ",""
"031510","오스템","KOSDAQ","GENERAL","1997-02-12","false","NO_FMP_STOCK_SYMBOL","NO_FMP_STOCK_SYMBOL;NO_FMP_FINANCIAL_SYMBOL","031510.KQ",""
"031860","디에이치엑스컴퍼니","KOSDAQ","GENERAL","1997-01-07","false","NO_FMP_STOCK_SYMBOL","NO_FMP_STOCK_SYMBOL;NO_FMP_FINANCIAL_SYMBOL","031860.KQ",""
"031980","피에스케이홀딩스","KOSDAQ","GENERAL","1997-01-07","false","NO_FMP_STOCK_SYMBOL","NO_FMP_STOCK_SYMBOL;NO_FMP_FINANCIAL_SYMBOL","031980.KQ",""
"032080","아즈텍WB","KOSDAQ","GENERAL","2000-10-26","false","NO_FMP_STOCK_SYMBOL","NO_FMP_STOCK_SYMBOL;NO_FMP_FINANCIAL_SYMBOL","032080.KQ",""
"032280","삼일","KOSDAQ","GENERAL","1997-03-15","false","NO_FMP_STOCK_SYMBOL","NO_FMP_STOCK_SYMBOL;NO_FMP_FINANCIAL_SYMBOL","032280.KQ",""
"032300","한국파마","KOSDAQ","GENERAL","2020-08-10","false","NO_FMP_STOCK_SYMBOL","NO_FMP_STOCK_SYMBOL;NO_FMP_FINANCIAL_SYMBOL","032300.KQ",""
"032540","TJ미디어","KOSDAQ","GENERAL","1997-04-16","false","NO_FMP_STOCK_SYMBOL","NO_FMP_STOCK_SYMBOL;NO_FMP_FINANCIAL_SYMBOL","032540.KQ",""
"032580","피델릭스","KOSDAQ","GENERAL","1997-04-22","false","NO_FMP_STOCK_SYMBOL","NO_FMP_STOCK_SYMBOL;NO_FMP_FINANCIAL_SYMBOL","032580.KQ",""
"032620","GC메디아이","KOSDAQ","GENERAL","1997-05-02","false","NO_FMP_STOCK_SYMBOL","NO_FMP_STOCK_SYMBOL;NO_FMP_FINANCIAL_SYMBOL","032620.KQ",""
"032680","소프트센","KOSDAQ","GENERAL","1997-07-18","false","NO_FMP_STOCK_SYMBOL","NO_FMP_STOCK_SYMBOL;NO_FMP_FINANCIAL_SYMBOL","032680.KQ",""
"032750","삼진","KOSDAQ","GENERAL","1997-07-14","false","NO_FMP_STOCK_SYMBOL","NO_FMP_STOCK_SYMBOL;NO_FMP_FINANCIAL_SYMBOL","032750.KQ",""
"032790","엠젠솔루션","KOSDAQ","GENERAL","1997-06-26","false","NO_FMP_STOCK_SYMBOL","NO_FMP_STOCK_SYMBOL;NO_FMP_FINANCIAL_SYMBOL","032790.KQ",""
"032800","판타지오","KOSDAQ","GENERAL","1997-06-26","false","NO_FMP_STOCK_SYMBOL","NO_FMP_STOCK_SYMBOL;NO_FMP_FINANCIAL_SYMBOL","032800.KQ",""
"032860","더라미","KOSDAQ","GENERAL","1997-07-04","false","NO_FMP_STOCK_SYMBOL","NO_FMP_STOCK_SYMBOL;NO_FMP_FINANCIAL_SYMBOL","032860.KQ",""
"032940","원익","KOSDAQ","GENERAL","1997-07-18","false","NO_FMP_STOCK_SYMBOL","NO_FMP_STOCK_SYMBOL;NO_FMP_FINANCIAL_SYMBOL","032940.KQ",""
"032960","동일기연","KOSDAQ","GENERAL","1997-07-18","false","NO_FMP_STOCK_SYMBOL","NO_FMP_STOCK_SYMBOL;NO_FMP_FINANCIAL_SYMBOL","032960.KQ",""
"033050","제이엠아이","KOSDAQ","GENERAL","1997-08-18","false","NO_FMP_STOCK_SYMBOL","NO_FMP_STOCK_SYMBOL;NO_FMP_FINANCIAL_SYMBOL","033050.KQ",""
"033130","디지틀조선","KOSDAQ","GENERAL","1997-08-06","false","NO_FMP_STOCK_SYMBOL","NO_FMP_STOCK_SYMBOL;NO_FMP_FINANCIAL_SYMBOL","033130.KQ",""
"033160","엠케이전자","KOSDAQ","GENERAL","1997-11-10","false","NO_FMP_STOCK_SYMBOL","NO_FMP_STOCK_SYMBOL;NO_FMP_FINANCIAL_SYMBOL","033160.KQ",""
"033170","시그네틱스","KOSDAQ","GENERAL","2010-11-26","false","NO_FMP_STOCK_SYMBOL","NO_FMP_STOCK_SYMBOL;NO_FMP_FINANCIAL_SYMBOL","033170.KQ",""
"033200","모아텍","KOSDAQ","GENERAL","1997-10-13","false","NO_FMP_STOCK_SYMBOL","NO_FMP_STOCK_SYMBOL;NO_FMP_FINANCIAL_SYMBOL","033200.KQ",""
"033230","인성정보","KOSDAQ","GENERAL","1999-07-30","false","NO_FMP_STOCK_SYMBOL","NO_FMP_STOCK_SYMBOL;NO_FMP_FINANCIAL_SYMBOL","033230.KQ",""
"033310","엠투엔","KOSDAQ","GENERAL","1997-11-10","false","NO_FMP_STOCK_SYMBOL","NO_FMP_STOCK_SYMBOL;NO_FMP_FINANCIAL_SYMBOL","033310.KQ",""
"033320","제이씨현시스템","KOSDAQ","GENERAL","1997-11-10","false","NO_FMP_STOCK_SYMBOL","NO_FMP_STOCK_SYMBOL;NO_FMP_FINANCIAL_SYMBOL","033320.KQ",""
"033340","좋은사람들","KOSDAQ","GENERAL","1997-11-03","false","NO_FMP_STOCK_SYMBOL","NO_FMP_STOCK_SYMBOL;NO_FMP_FINANCIAL_SYMBOL","033340.KQ",""
"033540","파라텍","KOSDAQ","GENERAL","1997-12-26","false","NO_FMP_STOCK_SYMBOL","NO_FMP_STOCK_SYMBOL;NO_FMP_FINANCIAL_SYMBOL","033540.KQ",""
"033560","블루콤","KOSDAQ","GENERAL","2011-01-26","false","NO_FMP_STOCK_SYMBOL","NO_FMP_STOCK_SYMBOL;NO_FMP_FINANCIAL_SYMBOL","033560.KQ",""
"033790","피노","KOSDAQ","GENERAL","2001-06-26","false","NO_FMP_STOCK_SYMBOL","NO_FMP_STOCK_SYMBOL;NO_FMP_FINANCIAL_SYMBOL","033790.KQ",""
"033830","티비씨","KOSDAQ","GENERAL","2010-11-29","false","NO_FMP_STOCK_SYMBOL","NO_FMP_STOCK_SYMBOL;NO_FMP_FINANCIAL_SYMBOL","033830.KQ",""
"034810","해성산업","KOSDAQ","GENERAL","1999-04-16","false","NO_FMP_STOCK_SYMBOL","NO_FMP_STOCK_SYMBOL;NO_FMP_FINANCIAL_SYMBOL","034810.KQ",""
"034940","조아제약","KOSDAQ","GENERAL","1999-08-13","false","NO_FMP_STOCK_SYMBOL","NO_FMP_STOCK_SYMBOL;NO_FMP_FINANCIAL_SYMBOL","034940.KQ",""
"034950","한국기업평가","KOSDAQ","GENERAL","2002-02-07","false","NO_FMP_FINANCIAL_SYMBOL","NO_FMP_FINANCIAL_SYMBOL","034950.KQ","034950.KQ"
"035290","골드앤에스","KOSDAQ","GENERAL","1999-12-07","false","NO_FMP_STOCK_SYMBOL","NO_FMP_STOCK_SYMBOL;NO_FMP_FINANCIAL_SYMBOL","035290.KQ",""
"035460","기산텔레콤","KOSDAQ","GENERAL","1999-11-18","false","NO_FMP_STOCK_SYMBOL","NO_FMP_STOCK_SYMBOL;NO_FMP_FINANCIAL_SYMBOL","035460.KQ",""
"035610","솔본","KOSDAQ","GENERAL","1999-08-13","false","NO_FMP_STOCK_SYMBOL","NO_FMP_STOCK_SYMBOL;NO_FMP_FINANCIAL_SYMBOL","035610.KQ",""
"035620","바른손이앤에이","KOSDAQ","GENERAL","1999-08-13","false","NO_FMP_STOCK_SYMBOL","NO_FMP_STOCK_SYMBOL;NO_FMP_FINANCIAL_SYMBOL","035620.KQ",""
"036000","예림당","KOSDAQ","GENERAL","1999-11-30","false","NO_FMP_STOCK_SYMBOL","NO_FMP_STOCK_SYMBOL;NO_FMP_FINANCIAL_SYMBOL","036000.KQ",""
"036010","아비코전자","KOSDAQ","GENERAL","2002-07-03","false","NO_FMP_STOCK_SYMBOL","NO_FMP_STOCK_SYMBOL;NO_FMP_FINANCIAL_SYMBOL","036010.KQ",""
"036030","케이티알파","KOSDAQ","GENERAL","1999-12-24","false","NO_FMP_STOCK_SYMBOL","NO_FMP_STOCK_SYMBOL;NO_FMP_FINANCIAL_SYMBOL","036030.KQ",""
"036090","위지트","KOSDAQ","GENERAL","1999-12-10","false","NO_FMP_STOCK_SYMBOL","NO_FMP_STOCK_SYMBOL;NO_FMP_FINANCIAL_SYMBOL","036090.KQ",""
"036120","서울평가정보","KOSDAQ","GENERAL","1999-12-07","false","NO_FMP_STOCK_SYMBOL","NO_FMP_STOCK_SYMBOL;NO_FMP_FINANCIAL_SYMBOL","036120.KQ",""
"036170","에이치엠넥스","KOSDAQ","GENERAL","1999-12-21","false","NO_FMP_STOCK_SYMBOL","NO_FMP_STOCK_SYMBOL;NO_FMP_FINANCIAL_SYMBOL","036170.KQ",""
"036190","금화피에스시","KOSDAQ","GENERAL","2000-12-26","false","NO_FMP_STOCK_SYMBOL","NO_FMP_STOCK_SYMBOL;NO_FMP_FINANCIAL_SYMBOL","036190.KQ",""
"036480","대성미생물","KOSDAQ","GENERAL","2000-04-04","false","NO_FMP_STOCK_SYMBOL","NO_FMP_STOCK_SYMBOL;NO_FMP_FINANCIAL_SYMBOL","036480.KQ",""
"036560","KZ정밀","KOSDAQ","GENERAL","1999-12-28","false","NO_FMP_STOCK_SYMBOL","NO_FMP_STOCK_SYMBOL;NO_FMP_FINANCIAL_SYMBOL","036560.KQ",""
"036620","감성코퍼레이션","KOSDAQ","GENERAL","2000-01-11","false","NO_FMP_STOCK_SYMBOL","NO_FMP_STOCK_SYMBOL;NO_FMP_FINANCIAL_SYMBOL","036620.KQ",""
"036640","HRS","KOSDAQ","GENERAL","2000-05-30","false","NO_FMP_STOCK_SYMBOL","NO_FMP_STOCK_SYMBOL;NO_FMP_FINANCIAL_SYMBOL","036640.KQ",""
"036670","삼양케이씨아이","KOSDAQ","GENERAL","2001-01-03","false","NO_FMP_STOCK_SYMBOL","NO_FMP_STOCK_SYMBOL;NO_FMP_FINANCIAL_SYMBOL","036670.KQ",""
"036690","코맥스","KOSDAQ","GENERAL","2000-01-18","false","NO_FMP_STOCK_SYMBOL","NO_FMP_STOCK_SYMBOL;NO_FMP_FINANCIAL_SYMBOL","036690.KQ",""
"036890","진성티이씨","KOSDAQ","GENERAL","2000-07-20","false","NO_FMP_STOCK_SYMBOL","NO_FMP_STOCK_SYMBOL;NO_FMP_FINANCIAL_SYMBOL","036890.KQ",""
"037030","파워넷","KOSDAQ","GENERAL","2018-06-07","false","NO_FMP_STOCK_SYMBOL","NO_FMP_STOCK_SYMBOL;NO_FMP_FINANCIAL_SYMBOL","037030.KQ",""
"037070","파세코","KOSDAQ","GENERAL","2000-01-04","false","NO_FMP_STOCK_SYMBOL","NO_FMP_STOCK_SYMBOL;NO_FMP_FINANCIAL_SYMBOL","037070.KQ",""
"037230","한국팩키지","KOSDAQ","GENERAL","1999-12-21","false","NO_FMP_STOCK_SYMBOL","NO_FMP_STOCK_SYMBOL;NO_FMP_FINANCIAL_SYMBOL","037230.KQ",""
"037330","인지디스플레","KOSDAQ","GENERAL","1999-12-14","false","NO_FMP_STOCK_SYMBOL","NO_FMP_STOCK_SYMBOL;NO_FMP_FINANCIAL_SYMBOL","037330.KQ",""
"037350","성도이엔지","KOSDAQ","GENERAL","2000-01-11","false","NO_FMP_STOCK_SYMBOL","NO_FMP_STOCK_SYMBOL;NO_FMP_FINANCIAL_SYMBOL","037350.KQ",""
"037370","EG","KOSDAQ","GENERAL","2000-01-11","false","NO_FMP_STOCK_SYMBOL","NO_FMP_STOCK_SYMBOL;NO_FMP_FINANCIAL_SYMBOL","037370.KQ",""
"037400","우리엔터프라이즈","KOSDAQ","GENERAL","1999-12-16","false","NO_FMP_STOCK_SYMBOL","NO_FMP_STOCK_SYMBOL;NO_FMP_FINANCIAL_SYMBOL","037400.KQ",""
"037440","희림","KOSDAQ","GENERAL","2000-02-03","false","NO_FMP_STOCK_SYMBOL","NO_FMP_STOCK_SYMBOL;NO_FMP_FINANCIAL_SYMBOL","037440.KQ",""
"037760","쎄니트","KOSDAQ","GENERAL","2000-04-07","false","NO_FMP_STOCK_SYMBOL","NO_FMP_STOCK_SYMBOL;NO_FMP_FINANCIAL_SYMBOL","037760.KQ",""
"037950","엘컴텍","KOSDAQ","GENERAL","2000-08-24","false","NO_FMP_STOCK_SYMBOL","NO_FMP_STOCK_SYMBOL;NO_FMP_FINANCIAL_SYMBOL","037950.KQ",""
"038060","루멘스","KOSDAQ","GENERAL","2006-08-08","false","NO_FMP_STOCK_SYMBOL","NO_FMP_STOCK_SYMBOL;NO_FMP_FINANCIAL_SYMBOL","038060.KQ",""
"038070","서린바이오","KOSDAQ","GENERAL","2005-10-25","false","NO_FMP_STOCK_SYMBOL","NO_FMP_STOCK_SYMBOL;NO_FMP_FINANCIAL_SYMBOL","038070.KQ",""
"038110","에코플라스틱","KOSDAQ","GENERAL","2000-03-23","false","NO_FMP_STOCK_SYMBOL","NO_FMP_STOCK_SYMBOL;NO_FMP_FINANCIAL_SYMBOL","038110.KQ",""
"038390","레드캡투어","KOSDAQ","GENERAL","2000-02-01","false","NO_FMP_STOCK_SYMBOL","NO_FMP_STOCK_SYMBOL;NO_FMP_FINANCIAL_SYMBOL","038390.KQ",""
"038460","바이오스마트","KOSDAQ","GENERAL","2000-06-22","false","NO_FMP_STOCK_SYMBOL","NO_FMP_STOCK_SYMBOL;NO_FMP_FINANCIAL_SYMBOL","038460.KQ",""
"038500","삼표시멘트","KOSDAQ","GENERAL","2001-02-01","false","NO_FMP_STOCK_SYMBOL","NO_FMP_STOCK_SYMBOL;NO_FMP_FINANCIAL_SYMBOL","038500.KQ",""
"038530","케이바이오랩스","KOSDAQ","GENERAL","2000-06-09","false","NO_FMP_STOCK_SYMBOL","NO_FMP_STOCK_SYMBOL;NO_FMP_FINANCIAL_SYMBOL","038530.KQ",""
"038620","위즈코프","KOSDAQ","GENERAL","2000-05-04","false","NO_FMP_STOCK_SYMBOL","NO_FMP_STOCK_SYMBOL;NO_FMP_FINANCIAL_SYMBOL","038620.KQ",""
"038680","에스넷","KOSDAQ","GENERAL","2000-04-27","false","NO_FMP_STOCK_SYMBOL","NO_FMP_STOCK_SYMBOL;NO_FMP_FINANCIAL_SYMBOL","038680.KQ",""
"038870","에코심플렉스","KOSDAQ","GENERAL","2001-05-29","false","NO_FMP_STOCK_SYMBOL","NO_FMP_STOCK_SYMBOL;NO_FMP_FINANCIAL_SYMBOL","038870.KQ",""
"038950","파인디지털","KOSDAQ","GENERAL","2000-05-04","false","NO_FMP_STOCK_SYMBOL","NO_FMP_STOCK_SYMBOL;NO_FMP_FINANCIAL_SYMBOL","038950.KQ",""
"039010","현대에이치티","KOSDAQ","GENERAL","2000-07-20","false","NO_FMP_STOCK_SYMBOL","NO_FMP_STOCK_SYMBOL;NO_FMP_FINANCIAL_SYMBOL","039010.KQ",""
"039020","이건홀딩스","KOSDAQ","GENERAL","2000-05-04","false","NO_FMP_STOCK_SYMBOL","NO_FMP_STOCK_SYMBOL;NO_FMP_FINANCIAL_SYMBOL","039020.KQ",""
"039240","경남스틸","KOSDAQ","GENERAL","2000-03-07","false","NO_FMP_STOCK_SYMBOL","NO_FMP_STOCK_SYMBOL;NO_FMP_FINANCIAL_SYMBOL","039240.KQ",""
"039290","인포뱅크","KOSDAQ","GENERAL","2006-07-04","false","NO_FMP_STOCK_SYMBOL","NO_FMP_STOCK_SYMBOL;NO_FMP_FINANCIAL_SYMBOL","039290.KQ",""
"039310","세중","KOSDAQ","GENERAL","2000-06-09","false","NO_FMP_STOCK_SYMBOL","NO_FMP_STOCK_SYMBOL;NO_FMP_FINANCIAL_SYMBOL","039310.KQ",""
"039340","한국경제TV","KOSDAQ","GENERAL","2004-07-30","false","NO_FMP_STOCK_SYMBOL","NO_FMP_STOCK_SYMBOL;NO_FMP_FINANCIAL_SYMBOL","039340.KQ",""
"039420","케이엘넷","KOSDAQ","GENERAL","2002-03-12","false","NO_FMP_STOCK_SYMBOL","NO_FMP_STOCK_SYMBOL;NO_FMP_FINANCIAL_SYMBOL","039420.KQ",""
"039560","다산네트웍스","KOSDAQ","GENERAL","2000-06-22","false","NO_FMP_STOCK_SYMBOL","NO_FMP_STOCK_SYMBOL;NO_FMP_FINANCIAL_SYMBOL","039560.KQ",""
"039610","화성밸브","KOSDAQ","GENERAL","2000-03-16","false","NO_FMP_STOCK_SYMBOL","NO_FMP_STOCK_SYMBOL;NO_FMP_FINANCIAL_SYMBOL","039610.KQ",""
"039740","한국정보공학","KOSDAQ","GENERAL","2000-07-06","false","NO_FMP_STOCK_SYMBOL","NO_FMP_STOCK_SYMBOL;NO_FMP_FINANCIAL_SYMBOL","039740.KQ",""
"039860","나노엔텍","KOSDAQ","GENERAL","2000-08-16","false","NO_FMP_STOCK_SYMBOL","NO_FMP_STOCK_SYMBOL;NO_FMP_FINANCIAL_SYMBOL","039860.KQ",""
"039980","폴라리스AI","KOSDAQ","GENERAL","2002-08-13","false","NO_FMP_STOCK_SYMBOL","NO_FMP_STOCK_SYMBOL;NO_FMP_FINANCIAL_SYMBOL","039980.KQ",""
"040160","누리플렉스","KOSDAQ","GENERAL","2000-08-29","false","NO_FMP_STOCK_SYMBOL","NO_FMP_STOCK_SYMBOL;NO_FMP_FINANCIAL_SYMBOL","040160.KQ",""
"040300","YTN","KOSDAQ","GENERAL","2001-09-04","false","NO_FMP_STOCK_SYMBOL","NO_FMP_STOCK_SYMBOL;NO_FMP_FINANCIAL_SYMBOL","040300.KQ",""
"040350","크레오에스지","KOSDAQ","GENERAL","2002-01-10","false","NO_FMP_STOCK_SYMBOL","NO_FMP_STOCK_SYMBOL;NO_FMP_FINANCIAL_SYMBOL","040350.KQ",""
"040420","정상제이엘에스","KOSDAQ","GENERAL","2000-08-01","false","NO_FMP_STOCK_SYMBOL","NO_FMP_STOCK_SYMBOL;NO_FMP_FINANCIAL_SYMBOL","040420.KQ",""
"040610","SG&G","KOSDAQ","GENERAL","2000-04-27","false","NO_FMP_STOCK_SYMBOL","NO_FMP_STOCK_SYMBOL;NO_FMP_FINANCIAL_SYMBOL","040610.KQ",""
"041440","현대에버다임","KOSDAQ","GENERAL","2003-11-14","false","NO_FMP_STOCK_SYMBOL","NO_FMP_STOCK_SYMBOL;NO_FMP_FINANCIAL_SYMBOL","041440.KQ",""
"041460","한국전자인증","KOSDAQ","GENERAL","2010-11-19","false","NO_FMP_STOCK_SYMBOL","NO_FMP_STOCK_SYMBOL;NO_FMP_FINANCIAL_SYMBOL","041460.KQ",""
"041520","이엘씨","KOSDAQ","GENERAL","2003-07-04","false","NO_FMP_STOCK_SYMBOL","NO_FMP_STOCK_SYMBOL;NO_FMP_FINANCIAL_SYMBOL","041520.KQ",""
"041590","플래스크","KOSDAQ","GENERAL","2002-11-01","false","NO_FMP_STOCK_SYMBOL","NO_FMP_STOCK_SYMBOL;NO_FMP_FINANCIAL_SYMBOL","041590.KQ",""
"041910","폴라리스AI파마","KOSDAQ","GENERAL","2004-02-06","false","NO_FMP_STOCK_SYMBOL","NO_FMP_STOCK_SYMBOL;NO_FMP_FINANCIAL_SYMBOL","041910.KQ",""
"041920","메디아나","KOSDAQ","GENERAL","2014-10-07","false","NO_FMP_STOCK_SYMBOL","NO_FMP_STOCK_SYMBOL;NO_FMP_FINANCIAL_SYMBOL","041920.KQ",""
"041930","SY동아","KOSDAQ","GENERAL","2001-12-26","false","NO_FMP_STOCK_SYMBOL","NO_FMP_STOCK_SYMBOL;NO_FMP_FINANCIAL_SYMBOL","041930.KQ",""
"042000","카페24","KOSDAQ","GENERAL","2018-02-08","false","NO_FMP_STOCK_SYMBOL","NO_FMP_STOCK_SYMBOL;NO_FMP_FINANCIAL_SYMBOL","042000.KQ",""
"042040","케이피엠테크","KOSDAQ","GENERAL","2003-01-07","false","NO_FMP_STOCK_SYMBOL","NO_FMP_STOCK_SYMBOL;NO_FMP_FINANCIAL_SYMBOL","042040.KQ",""
"042110","에스씨디","KOSDAQ","GENERAL","2000-07-13","false","NO_FMP_STOCK_SYMBOL","NO_FMP_STOCK_SYMBOL;NO_FMP_FINANCIAL_SYMBOL","042110.KQ",""
"042370","비츠로테크","KOSDAQ","GENERAL","2000-08-03","false","NO_FMP_STOCK_SYMBOL","NO_FMP_STOCK_SYMBOL;NO_FMP_FINANCIAL_SYMBOL","042370.KQ",""
"042420","네오위즈홀딩스","KOSDAQ","GENERAL","2000-06-27","false","QUARTERLY_HISTORY_LT_3Y","QUARTERLY_HISTORY_LT_3Y","042420.KQ","042420.KQ"
"042500","링네트","KOSDAQ","GENERAL","2002-01-10","false","NO_FMP_STOCK_SYMBOL","NO_FMP_STOCK_SYMBOL;NO_FMP_FINANCIAL_SYMBOL","042500.KQ",""
"042510","라온시큐어","KOSDAQ","GENERAL","2001-01-03","false","NO_FMP_STOCK_SYMBOL","NO_FMP_STOCK_SYMBOL;NO_FMP_FINANCIAL_SYMBOL","042510.KQ",""
"042520","한스바이오메드","KOSDAQ","GENERAL","2009-10-09","false","NO_FMP_STOCK_SYMBOL","NO_FMP_STOCK_SYMBOL;NO_FMP_FINANCIAL_SYMBOL","042520.KQ",""
"042600","새로닉스","KOSDAQ","GENERAL","2002-10-01","false","NO_FMP_STOCK_SYMBOL","NO_FMP_STOCK_SYMBOL;NO_FMP_FINANCIAL_SYMBOL","042600.KQ",""
"042940","상지건설","KOSDAQ","GENERAL","2000-10-19","false","NO_FMP_STOCK_SYMBOL","NO_FMP_STOCK_SYMBOL;NO_FMP_FINANCIAL_SYMBOL","042940.KQ",""
"043100","알파AI","KOSDAQ","GENERAL","2000-08-08","false","NO_FMP_STOCK_SYMBOL","NO_FMP_STOCK_SYMBOL;NO_FMP_FINANCIAL_SYMBOL","043100.KQ",""
"043200","파루","KOSDAQ","GENERAL","2000-07-19","false","NO_FMP_STOCK_SYMBOL","NO_FMP_STOCK_SYMBOL;NO_FMP_FINANCIAL_SYMBOL","043200.KQ",""
"043220","티에스넥스젠","KOSDAQ","GENERAL","2001-07-03","false","NO_FMP_STOCK_SYMBOL","NO_FMP_STOCK_SYMBOL;NO_FMP_FINANCIAL_SYMBOL","043220.KQ",""
"043260","성호전자","KOSDAQ","GENERAL","2001-11-29","false","NO_FMP_STOCK_SYMBOL","NO_FMP_STOCK_SYMBOL;NO_FMP_FINANCIAL_SYMBOL","043260.KQ",""
"043340","에쎈테크","KOSDAQ","GENERAL","2000-08-29","false","NO_FMP_STOCK_SYMBOL","NO_FMP_STOCK_SYMBOL;NO_FMP_FINANCIAL_SYMBOL","043340.KQ",""
"043360","디지아이","KOSDAQ","GENERAL","2001-07-20","false","NO_FMP_STOCK_SYMBOL","NO_FMP_STOCK_SYMBOL;NO_FMP_FINANCIAL_SYMBOL","043360.KQ",""
"043370","피에이치에이","KOSDAQ","GENERAL","2001-12-13","false","NO_FMP_STOCK_SYMBOL","NO_FMP_STOCK_SYMBOL;NO_FMP_FINANCIAL_SYMBOL","043370.KQ",""
"043590","웰킵스하이텍","KOSDAQ","GENERAL","2001-12-20","false","NO_FMP_STOCK_SYMBOL","NO_FMP_STOCK_SYMBOL;NO_FMP_FINANCIAL_SYMBOL","043590.KQ",""
"043610","KT지니뮤직","KOSDAQ","GENERAL","2000-07-20","false","NO_FMP_STOCK_SYMBOL","NO_FMP_STOCK_SYMBOL;NO_FMP_FINANCIAL_SYMBOL","043610.KQ",""
"043710","코스리거글로벌","KOSDAQ","GENERAL","2002-07-11","false","NO_FMP_STOCK_SYMBOL","NO_FMP_STOCK_SYMBOL;NO_FMP_FINANCIAL_SYMBOL","043710.KQ",""
"043910","자연과환경","KOSDAQ","GENERAL","2005-11-18","false","NO_FMP_STOCK_SYMBOL","NO_FMP_STOCK_SYMBOL;NO_FMP_FINANCIAL_SYMBOL","043910.KQ",""
"044180","KD","KOSDAQ","GENERAL","2000-11-16","false","NO_FMP_STOCK_SYMBOL","NO_FMP_STOCK_SYMBOL;NO_FMP_FINANCIAL_SYMBOL","044180.KQ",""
"044480","빌리언스","KOSDAQ","GENERAL","2001-01-11","false","NO_FMP_STOCK_SYMBOL","NO_FMP_STOCK_SYMBOL;NO_FMP_FINANCIAL_SYMBOL","044480.KQ",""
"044780","에이치케이","KOSDAQ","GENERAL","2000-09-07","false","NO_FMP_STOCK_SYMBOL","NO_FMP_STOCK_SYMBOL;NO_FMP_FINANCIAL_SYMBOL","044780.KQ",""
"044960","이글벳","KOSDAQ","GENERAL","2000-11-16","false","NO_FMP_STOCK_SYMBOL","NO_FMP_STOCK_SYMBOL;NO_FMP_FINANCIAL_SYMBOL","044960.KQ",""
"044990","에이치엔에스하이텍","KOSDAQ","GENERAL","2024-10-25","false","NO_FMP_STOCK_SYMBOL","NO_FMP_STOCK_SYMBOL;NO_FMP_FINANCIAL_SYMBOL","044990.KQ",""
"045060","오공","KOSDAQ","GENERAL","2000-08-10","false","NO_FMP_STOCK_SYMBOL","NO_FMP_STOCK_SYMBOL;NO_FMP_FINANCIAL_SYMBOL","045060.KQ",""
"045100","한양이엔지","KOSDAQ","GENERAL","2000-08-31","false","NO_FMP_STOCK_SYMBOL","NO_FMP_STOCK_SYMBOL;NO_FMP_FINANCIAL_SYMBOL","045100.KQ",""
"045300","성우테크론","KOSDAQ","GENERAL","2001-12-18","false","NO_FMP_STOCK_SYMBOL","NO_FMP_STOCK_SYMBOL;NO_FMP_FINANCIAL_SYMBOL","045300.KQ",""
"045340","토탈소프트","KOSDAQ","GENERAL","2002-07-19","false","NO_FMP_STOCK_SYMBOL","NO_FMP_STOCK_SYMBOL;NO_FMP_FINANCIAL_SYMBOL","045340.KQ",""
"045520","크린앤사이언스","KOSDAQ","GENERAL","2000-12-05","false","NO_FMP_STOCK_SYMBOL","NO_FMP_STOCK_SYMBOL;NO_FMP_FINANCIAL_SYMBOL","045520.KQ",""
"045660","에이텍","KOSDAQ","GENERAL","2001-05-24","false","NO_FMP_STOCK_SYMBOL","NO_FMP_STOCK_SYMBOL;NO_FMP_FINANCIAL_SYMBOL","045660.KQ",""
"045970","코아시아","KOSDAQ","GENERAL","2000-08-03","false","NO_FMP_STOCK_SYMBOL","NO_FMP_STOCK_SYMBOL;NO_FMP_FINANCIAL_SYMBOL","045970.KQ",""
"046070","코다코","KOSDAQ","GENERAL","2000-12-26","false","NO_FMP_STOCK_SYMBOL","NO_FMP_STOCK_SYMBOL;NO_FMP_FINANCIAL_SYMBOL","046070.KQ",""
"046120","오르비텍","KOSDAQ","GENERAL","2010-06-15","false","NO_FMP_STOCK_SYMBOL","NO_FMP_STOCK_SYMBOL;NO_FMP_FINANCIAL_SYMBOL","046120.KQ",""
"046210","HLB파나진","KOSDAQ","GENERAL","2000-08-16","false","NO_FMP_STOCK_SYMBOL","NO_FMP_STOCK_SYMBOL;NO_FMP_FINANCIAL_SYMBOL","046210.KQ",""
"046310","백금T&A","KOSDAQ","GENERAL","2002-02-05","false","NO_FMP_STOCK_SYMBOL","NO_FMP_STOCK_SYMBOL;NO_FMP_FINANCIAL_SYMBOL","046310.KQ",""
"046390","삼화네트웍스","KOSDAQ","GENERAL","2001-01-11","false","NO_FMP_STOCK_SYMBOL","NO_FMP_STOCK_SYMBOL;NO_FMP_FINANCIAL_SYMBOL","046390.KQ",""
"046440","KG파이낸셜","KOSDAQ","GENERAL","2004-12-14","false","NO_FMP_STOCK_SYMBOL","NO_FMP_STOCK_SYMBOL;NO_FMP_FINANCIAL_SYMBOL","046440.KQ",""
"046940","우원개발","KOSDAQ","GENERAL","2002-06-18","false","NO_FMP_STOCK_SYMBOL","NO_FMP_STOCK_SYMBOL;NO_FMP_FINANCIAL_SYMBOL","046940.KQ",""
"046970","우리로","KOSDAQ","GENERAL","2012-11-27","false","NO_FMP_STOCK_SYMBOL","NO_FMP_STOCK_SYMBOL;NO_FMP_FINANCIAL_SYMBOL","046970.KQ",""
"047080","한빛소프트","KOSDAQ","GENERAL","2002-01-10","false","NO_FMP_STOCK_SYMBOL","NO_FMP_STOCK_SYMBOL;NO_FMP_FINANCIAL_SYMBOL","047080.KQ",""
"047310","파워로직스","KOSDAQ","GENERAL","2003-07-25","false","NO_FMP_STOCK_SYMBOL","NO_FMP_STOCK_SYMBOL;NO_FMP_FINANCIAL_SYMBOL","047310.KQ",""
"047560","이스트소프트","KOSDAQ","GENERAL","2008-07-01","false","NO_FMP_STOCK_SYMBOL","NO_FMP_STOCK_SYMBOL;NO_FMP_FINANCIAL_SYMBOL","047560.KQ",""
"047770","코데즈컴바인","KOSDAQ","GENERAL","2001-09-18","false","NO_FMP_STOCK_SYMBOL","NO_FMP_STOCK_SYMBOL;NO_FMP_FINANCIAL_SYMBOL","047770.KQ",""
"047820","초록뱀미디어","KOSDAQ","GENERAL","2002-12-24","false","NO_FMP_STOCK_SYMBOL","NO_FMP_STOCK_SYMBOL;NO_FMP_FINANCIAL_SYMBOL","047820.KQ",""
"048430","유라테크","KOSDAQ","GENERAL","2001-01-11","false","NO_FMP_STOCK_SYMBOL","NO_FMP_STOCK_SYMBOL;NO_FMP_FINANCIAL_SYMBOL","048430.KQ",""
"048470","대동스틸","KOSDAQ","GENERAL","2002-01-10","false","NO_FMP_STOCK_SYMBOL","NO_FMP_STOCK_SYMBOL;NO_FMP_FINANCIAL_SYMBOL","048470.KQ",""
"048550","SM C&C","KOSDAQ","GENERAL","2001-01-18","false","NO_FMP_STOCK_SYMBOL","NO_FMP_STOCK_SYMBOL;NO_FMP_FINANCIAL_SYMBOL","048550.KQ",""
"048770","TPC로보틱스","KOSDAQ","GENERAL","2001-01-16","false","NO_FMP_STOCK_SYMBOL","NO_FMP_STOCK_SYMBOL;NO_FMP_FINANCIAL_SYMBOL","048770.KQ",""
"048830","엔피케이","KOSDAQ","GENERAL","2000-10-12","false","NO_FMP_STOCK_SYMBOL","NO_FMP_STOCK_SYMBOL;NO_FMP_FINANCIAL_SYMBOL","048830.KQ",""
"048870","시너지이노베이션","KOSDAQ","GENERAL","2004-08-13","false","NO_FMP_STOCK_SYMBOL","NO_FMP_STOCK_SYMBOL;NO_FMP_FINANCIAL_SYMBOL","048870.KQ",""
"048910","대원미디어","KOSDAQ","GENERAL","2001-07-31","false","NO_FMP_STOCK_SYMBOL","NO_FMP_STOCK_SYMBOL;NO_FMP_FINANCIAL_SYMBOL","048910.KQ",""
"049080","기가레인","KOSDAQ","GENERAL","2013-12-19","false","NO_FMP_STOCK_SYMBOL","NO_FMP_STOCK_SYMBOL;NO_FMP_FINANCIAL_SYMBOL","049080.KQ",""
"049120","파인디앤씨","KOSDAQ","GENERAL","2001-07-26","false","NO_FMP_STOCK_SYMBOL","NO_FMP_STOCK_SYMBOL;NO_FMP_FINANCIAL_SYMBOL","049120.KQ",""
"049180","셀루메드","KOSDAQ","GENERAL","2002-05-23","false","NO_FMP_STOCK_SYMBOL","NO_FMP_STOCK_SYMBOL;NO_FMP_FINANCIAL_SYMBOL","049180.KQ",""
"049430","코메론","KOSDAQ","GENERAL","2001-01-16","false","NO_FMP_STOCK_SYMBOL","NO_FMP_STOCK_SYMBOL;NO_FMP_FINANCIAL_SYMBOL","049430.KQ",""
"049470","비트플래닛","KOSDAQ","GENERAL","2001-10-11","false","NO_FMP_STOCK_SYMBOL","NO_FMP_STOCK_SYMBOL;NO_FMP_FINANCIAL_SYMBOL","049470.KQ",""
"049480","오픈베이스","KOSDAQ","GENERAL","2001-01-09","false","NO_FMP_STOCK_SYMBOL","NO_FMP_STOCK_SYMBOL;NO_FMP_FINANCIAL_SYMBOL","049480.KQ",""
"049520","유아이엘","KOSDAQ","GENERAL","2001-08-02","false","NO_FMP_STOCK_SYMBOL","NO_FMP_STOCK_SYMBOL;NO_FMP_FINANCIAL_SYMBOL","049520.KQ",""
"049550","잉크테크","KOSDAQ","GENERAL","2002-02-28","false","NO_FMP_STOCK_SYMBOL","NO_FMP_STOCK_SYMBOL;NO_FMP_FINANCIAL_SYMBOL","049550.KQ",""
"049630","재영솔루텍","KOSDAQ","GENERAL","2003-01-24","false","NO_FMP_STOCK_SYMBOL","NO_FMP_STOCK_SYMBOL;NO_FMP_FINANCIAL_SYMBOL","049630.KQ",""
"049720","고려신용정보","KOSDAQ","GENERAL","2002-01-31","false","NO_FMP_STOCK_SYMBOL","NO_FMP_STOCK_SYMBOL;NO_FMP_FINANCIAL_SYMBOL","049720.KQ",""
"049830","승일","KOSDAQ","GENERAL","2001-01-18","false","NO_FMP_STOCK_SYMBOL","NO_FMP_STOCK_SYMBOL;NO_FMP_FINANCIAL_SYMBOL","049830.KQ",""
"049960","쎌바이오텍","KOSDAQ","GENERAL","2002-12-13","false","NO_FMP_STOCK_SYMBOL","NO_FMP_STOCK_SYMBOL;NO_FMP_FINANCIAL_SYMBOL","049960.KQ",""
"050090","비케이홀딩스","KOSDAQ","GENERAL","2004-06-29","false","NO_FMP_STOCK_SYMBOL","NO_FMP_STOCK_SYMBOL;NO_FMP_FINANCIAL_SYMBOL","050090.KQ",""
"050110","캠시스","KOSDAQ","GENERAL","2001-05-17","false","NO_FMP_STOCK_SYMBOL","NO_FMP_STOCK_SYMBOL;NO_FMP_FINANCIAL_SYMBOL","050110.KQ",""
"050120","ES큐브","KOSDAQ","GENERAL","2002-04-25","false","NO_FMP_STOCK_SYMBOL","NO_FMP_STOCK_SYMBOL;NO_FMP_FINANCIAL_SYMBOL","050120.KQ",""
"050760","에스폴리텍","KOSDAQ","GENERAL","2002-05-16","false","NO_FMP_STOCK_SYMBOL","NO_FMP_STOCK_SYMBOL;NO_FMP_FINANCIAL_SYMBOL","050760.KQ",""
"050860","아세아텍","KOSDAQ","GENERAL","2010-01-26","false","NO_FMP_STOCK_SYMBOL","NO_FMP_STOCK_SYMBOL;NO_FMP_FINANCIAL_SYMBOL","050860.KQ",""
"050960","수산아이앤티","KOSDAQ","GENERAL","2016-10-11","false","NO_FMP_STOCK_SYMBOL","NO_FMP_STOCK_SYMBOL;NO_FMP_FINANCIAL_SYMBOL","050960.KQ",""
"051160","지어소프트","KOSDAQ","GENERAL","2002-05-28","false","NO_FMP_STOCK_SYMBOL","NO_FMP_STOCK_SYMBOL;NO_FMP_FINANCIAL_SYMBOL","051160.KQ",""
"051360","토비스","KOSDAQ","GENERAL","2004-11-19","false","NO_FMP_STOCK_SYMBOL","NO_FMP_STOCK_SYMBOL;NO_FMP_FINANCIAL_SYMBOL","051360.KQ",""
"051380","피씨디렉트","KOSDAQ","GENERAL","2002-02-15","false","NO_FMP_STOCK_SYMBOL","NO_FMP_STOCK_SYMBOL;NO_FMP_FINANCIAL_SYMBOL","051380.KQ",""
"051390","YW","KOSDAQ","GENERAL","2001-11-15","false","NO_FMP_STOCK_SYMBOL","NO_FMP_STOCK_SYMBOL;NO_FMP_FINANCIAL_SYMBOL","051390.KQ",""
"051490","나라엠앤디","KOSDAQ","GENERAL","2001-06-12","false","NO_FMP_STOCK_SYMBOL","NO_FMP_STOCK_SYMBOL;NO_FMP_FINANCIAL_SYMBOL","051490.KQ",""
"051500","CJ프레시웨이","KOSDAQ","GENERAL","2001-07-26","false","NO_FMP_STOCK_SYMBOL","NO_FMP_STOCK_SYMBOL;NO_FMP_FINANCIAL_SYMBOL","051500.KQ",""
"051780","큐로홀딩스","KOSDAQ","GENERAL","2001-06-26","false","NO_FMP_STOCK_SYMBOL","NO_FMP_STOCK_SYMBOL;NO_FMP_FINANCIAL_SYMBOL","051780.KQ",""
"051980","중앙첨단소재","KOSDAQ","GENERAL","2001-07-31","false","NO_FMP_STOCK_SYMBOL","NO_FMP_STOCK_SYMBOL;NO_FMP_FINANCIAL_SYMBOL","051980.KQ",""
"052220","iMBC","KOSDAQ","GENERAL","2005-01-21","false","NO_FMP_STOCK_SYMBOL","NO_FMP_STOCK_SYMBOL;NO_FMP_FINANCIAL_SYMBOL","052220.KQ",""
"052260","현대바이오랜드","KOSDAQ","GENERAL","2001-05-17","false","NO_FMP_STOCK_SYMBOL","NO_FMP_STOCK_SYMBOL;NO_FMP_FINANCIAL_SYMBOL","052260.KQ",""
"052300","오션인더블유","KOSDAQ","GENERAL","2001-08-02","false","NO_FMP_STOCK_SYMBOL","NO_FMP_STOCK_SYMBOL;NO_FMP_FINANCIAL_SYMBOL","052300.KQ",""
"052330","코텍","KOSDAQ","GENERAL","2001-07-10","false","NO_FMP_STOCK_SYMBOL","NO_FMP_STOCK_SYMBOL;NO_FMP_FINANCIAL_SYMBOL","052330.KQ",""
"052420","오성첨단소재","KOSDAQ","GENERAL","2001-08-07","false","NO_FMP_STOCK_SYMBOL","NO_FMP_STOCK_SYMBOL;NO_FMP_FINANCIAL_SYMBOL","052420.KQ",""
"052460","아이크래프트","KOSDAQ","GENERAL","2005-01-03","false","NO_FMP_STOCK_SYMBOL","NO_FMP_STOCK_SYMBOL;NO_FMP_FINANCIAL_SYMBOL","052460.KQ",""
"052600","한네트","KOSDAQ","GENERAL","2001-07-10","false","NO_FMP_STOCK_SYMBOL","NO_FMP_STOCK_SYMBOL;NO_FMP_FINANCIAL_SYMBOL","052600.KQ",""
"052710","아모텍","KOSDAQ","GENERAL","2003-08-01","false","NO_FMP_STOCK_SYMBOL","NO_FMP_STOCK_SYMBOL;NO_FMP_FINANCIAL_SYMBOL","052710.KQ",""
"052770","아이톡시","KOSDAQ","GENERAL","2002-08-22","false","NO_FMP_STOCK_SYMBOL","NO_FMP_STOCK_SYMBOL;NO_FMP_FINANCIAL_SYMBOL","052770.KQ",""
"052790","액토즈소프트","KOSDAQ","GENERAL","2001-08-14","false","NO_FMP_STOCK_SYMBOL","NO_FMP_STOCK_SYMBOL;NO_FMP_FINANCIAL_SYMBOL","052790.KQ",""
"052860","아이앤씨","KOSDAQ","GENERAL","2009-10-06","false","NO_FMP_STOCK_SYMBOL","NO_FMP_STOCK_SYMBOL;NO_FMP_FINANCIAL_SYMBOL","052860.KQ",""
"052900","KX하이텍","KOSDAQ","GENERAL","2005-01-18","false","NO_FMP_STOCK_SYMBOL","NO_FMP_STOCK_SYMBOL;NO_FMP_FINANCIAL_SYMBOL","052900.KQ",""
"053050","지에스이","KOSDAQ","GENERAL","2001-10-11","false","NO_FMP_STOCK_SYMBOL","NO_FMP_STOCK_SYMBOL;NO_FMP_FINANCIAL_SYMBOL","053050.KQ",""
"053060","세동","KOSDAQ","GENERAL","2001-08-17","false","NO_FMP_STOCK_SYMBOL","NO_FMP_STOCK_SYMBOL;NO_FMP_FINANCIAL_SYMBOL","053060.KQ",""
"053080","케이엔솔","KOSDAQ","GENERAL","2020-09-24","false","NO_FMP_STOCK_SYMBOL","NO_FMP_STOCK_SYMBOL;NO_FMP_FINANCIAL_SYMBOL","053080.KQ",""
"053160","프리엠스","KOSDAQ","GENERAL","2001-10-30","false","NO_FMP_STOCK_SYMBOL","NO_FMP_STOCK_SYMBOL;NO_FMP_FINANCIAL_SYMBOL","053160.KQ",""
"053260","금강철강","KOSDAQ","GENERAL","2002-01-04","false","NO_FMP_STOCK_SYMBOL","NO_FMP_STOCK_SYMBOL;NO_FMP_FINANCIAL_SYMBOL","053260.KQ",""
"053270","구영테크","KOSDAQ","GENERAL","2002-02-07","false","NO_FMP_STOCK_SYMBOL","NO_FMP_STOCK_SYMBOL;NO_FMP_FINANCIAL_SYMBOL","053270.KQ",""
"053280","예스24","KOSDAQ","GENERAL","2008-05-07","false","NO_FMP_STOCK_SYMBOL","NO_FMP_STOCK_SYMBOL;NO_FMP_FINANCIAL_SYMBOL","053280.KQ",""
"053290","NE능률","KOSDAQ","GENERAL","2002-12-10","false","NO_FMP_STOCK_SYMBOL","NO_FMP_STOCK_SYMBOL;NO_FMP_FINANCIAL_SYMBOL","053290.KQ",""
"053300","한국정보인증","KOSDAQ","GENERAL","2014-02-04","false","NO_FMP_STOCK_SYMBOL","NO_FMP_STOCK_SYMBOL;NO_FMP_FINANCIAL_SYMBOL","053300.KQ",""
"053350","이니텍","KOSDAQ","GENERAL","2001-11-15","false","NO_FMP_STOCK_SYMBOL","NO_FMP_STOCK_SYMBOL;NO_FMP_FINANCIAL_SYMBOL","053350.KQ",""
"053450","세코닉스","KOSDAQ","GENERAL","2001-08-09","false","NO_FMP_STOCK_SYMBOL","NO_FMP_STOCK_SYMBOL;NO_FMP_FINANCIAL_SYMBOL","053450.KQ",""
"053610","프로텍","KOSDAQ","GENERAL","2001-08-17","false","NO_FMP_STOCK_SYMBOL","NO_FMP_STOCK_SYMBOL;NO_FMP_FINANCIAL_SYMBOL","053610.KQ",""
"053620","태양","KOSDAQ","GENERAL","2001-08-07","false","NO_FMP_STOCK_SYMBOL","NO_FMP_STOCK_SYMBOL;NO_FMP_FINANCIAL_SYMBOL","053620.KQ",""
"053700","삼보모터스","KOSDAQ","GENERAL","2001-11-06","false","NO_FMP_STOCK_SYMBOL","NO_FMP_STOCK_SYMBOL;NO_FMP_FINANCIAL_SYMBOL","053700.KQ",""
"053950","경남제약","KOSDAQ","GENERAL","2001-11-06","false","NO_FMP_STOCK_SYMBOL","NO_FMP_STOCK_SYMBOL;NO_FMP_FINANCIAL_SYMBOL","053950.KQ",""
"053980","오상자이엘","KOSDAQ","GENERAL","2002-04-09","false","NO_FMP_STOCK_SYMBOL","NO_FMP_STOCK_SYMBOL;NO_FMP_FINANCIAL_SYMBOL","053980.KQ",""
"054040","한국컴퓨터","KOSDAQ","GENERAL","2002-01-15","false","NO_FMP_STOCK_SYMBOL","NO_FMP_STOCK_SYMBOL;NO_FMP_FINANCIAL_SYMBOL","054040.KQ",""
"054050","NH농우바이오","KOSDAQ","GENERAL","2002-04-02","false","NO_FMP_STOCK_SYMBOL","NO_FMP_STOCK_SYMBOL;NO_FMP_FINANCIAL_SYMBOL","054050.KQ",""
"054090","삼진엘앤디","KOSDAQ","GENERAL","2004-02-06","false","NO_FMP_STOCK_SYMBOL","NO_FMP_STOCK_SYMBOL;NO_FMP_FINANCIAL_SYMBOL","054090.KQ",""
"054180","메디콕스","KOSDAQ","GENERAL","2001-10-16","false","NO_FMP_STOCK_SYMBOL","NO_FMP_STOCK_SYMBOL;NO_FMP_FINANCIAL_SYMBOL","054180.KQ",""
"054220","비츠로시스","KOSDAQ","GENERAL","2001-12-26","false","NO_FMP_STOCK_SYMBOL","NO_FMP_STOCK_SYMBOL;NO_FMP_FINANCIAL_SYMBOL","054220.KQ",""
"054410","케이피티유","KOSDAQ","GENERAL","2002-04-25","false","NO_FMP_STOCK_SYMBOL","NO_FMP_STOCK_SYMBOL;NO_FMP_FINANCIAL_SYMBOL","054410.KQ",""
"054450","텔레칩스","KOSDAQ","GENERAL","2004-12-10","false","NO_FMP_STOCK_SYMBOL","NO_FMP_STOCK_SYMBOL;NO_FMP_FINANCIAL_SYMBOL","054450.KQ",""
"054620","APS","KOSDAQ","GENERAL","2001-12-04","false","NO_FMP_STOCK_SYMBOL","NO_FMP_STOCK_SYMBOL;NO_FMP_FINANCIAL_SYMBOL","054620.KQ",""
"054670","대한뉴팜","KOSDAQ","GENERAL","2002-02-26","false","NO_FMP_STOCK_SYMBOL","NO_FMP_STOCK_SYMBOL;NO_FMP_FINANCIAL_SYMBOL","054670.KQ",""
"054780","키이스트","KOSDAQ","GENERAL","2003-11-14","false","NO_FMP_STOCK_SYMBOL","NO_FMP_STOCK_SYMBOL;NO_FMP_FINANCIAL_SYMBOL","054780.KQ",""
"054800","아이디스홀딩스","KOSDAQ","GENERAL","2001-09-27","false","NO_FMP_STOCK_SYMBOL","NO_FMP_STOCK_SYMBOL;NO_FMP_FINANCIAL_SYMBOL","054800.KQ",""
"054920","한컴위드","KOSDAQ","GENERAL","2001-11-01","false","NO_FMP_STOCK_SYMBOL","NO_FMP_STOCK_SYMBOL;NO_FMP_FINANCIAL_SYMBOL","054920.KQ",""
"054930","유신","KOSDAQ","GENERAL","2002-01-15","false","NO_FMP_STOCK_SYMBOL","NO_FMP_STOCK_SYMBOL;NO_FMP_FINANCIAL_SYMBOL","054930.KQ",""
"054940","엑사이엔씨","KOSDAQ","GENERAL","2001-12-13","false","NO_FMP_STOCK_SYMBOL","NO_FMP_STOCK_SYMBOL;NO_FMP_FINANCIAL_SYMBOL","054940.KQ",""
"054950","제이브이엠","KOSDAQ","GENERAL","2006-06-07","false","NO_FMP_STOCK_SYMBOL","NO_FMP_STOCK_SYMBOL;NO_FMP_FINANCIAL_SYMBOL","054950.KQ",""
"056090","시지메드텍","KOSDAQ","GENERAL","2015-11-12","false","NO_FMP_STOCK_SYMBOL","NO_FMP_STOCK_SYMBOL;NO_FMP_FINANCIAL_SYMBOL","056090.KQ",""
"056360","코위버","KOSDAQ","GENERAL","2001-12-04","false","NO_FMP_STOCK_SYMBOL","NO_FMP_STOCK_SYMBOL;NO_FMP_FINANCIAL_SYMBOL","056360.KQ",""
"056700","신화인터텍","KOSDAQ","GENERAL","2001-12-13","false","NO_FMP_STOCK_SYMBOL","NO_FMP_STOCK_SYMBOL;NO_FMP_FINANCIAL_SYMBOL","056700.KQ",""
"057030","YBM넷","KOSDAQ","GENERAL","2004-06-08","false","NO_FMP_STOCK_SYMBOL","NO_FMP_STOCK_SYMBOL;NO_FMP_FINANCIAL_SYMBOL","057030.KQ",""
"057540","옴니시스템","KOSDAQ","GENERAL","2007-09-19","false","NO_FMP_STOCK_SYMBOL","NO_FMP_STOCK_SYMBOL;NO_FMP_FINANCIAL_SYMBOL","057540.KQ",""
"057680","티사이언티픽","KOSDAQ","GENERAL","2002-06-18","false","NO_FMP_STOCK_SYMBOL","NO_FMP_STOCK_SYMBOL;NO_FMP_FINANCIAL_SYMBOL","057680.KQ",""
"058110","멕아이씨에스","KOSDAQ","GENERAL","2015-12-14","false","NO_FMP_STOCK_SYMBOL","NO_FMP_STOCK_SYMBOL;NO_FMP_FINANCIAL_SYMBOL","058110.KQ",""
"058400","KNN","KOSDAQ","GENERAL","2010-11-03","false","NO_FMP_STOCK_SYMBOL","NO_FMP_STOCK_SYMBOL;NO_FMP_FINANCIAL_SYMBOL","058400.KQ",""
"058450","한주에이알티","KOSDAQ","GENERAL","2002-01-17","false","NO_FMP_STOCK_SYMBOL","NO_FMP_STOCK_SYMBOL;NO_FMP_FINANCIAL_SYMBOL","058450.KQ",""
"059100","아이컴포넌트","KOSDAQ","GENERAL","2008-12-16","false","NO_FMP_STOCK_SYMBOL","NO_FMP_STOCK_SYMBOL;NO_FMP_FINANCIAL_SYMBOL","059100.KQ",""
"059120","아진엑스텍","KOSDAQ","GENERAL","2014-07-24","false","NO_FMP_STOCK_SYMBOL","NO_FMP_STOCK_SYMBOL;NO_FMP_FINANCIAL_SYMBOL","059120.KQ",""
"059210","메타바이오메드","KOSDAQ","GENERAL","2008-04-15","false","NO_FMP_STOCK_SYMBOL","NO_FMP_STOCK_SYMBOL;NO_FMP_FINANCIAL_SYMBOL","059210.KQ",""
"059270","해성에어로보틱스","KOSDAQ","GENERAL","2021-04-21","false","NO_FMP_STOCK_SYMBOL","NO_FMP_STOCK_SYMBOL;NO_FMP_FINANCIAL_SYMBOL","059270.KQ",""
"060230","제이케이시냅스","KOSDAQ","GENERAL","2002-06-25","false","NO_FMP_STOCK_SYMBOL","NO_FMP_STOCK_SYMBOL;NO_FMP_FINANCIAL_SYMBOL","060230.KQ",""
"060260","뉴보텍","KOSDAQ","GENERAL","2002-02-05","false","NO_FMP_STOCK_SYMBOL","NO_FMP_STOCK_SYMBOL;NO_FMP_FINANCIAL_SYMBOL","060260.KQ",""
"060310","3S","KOSDAQ","GENERAL","2002-04-23","false","NO_FMP_STOCK_SYMBOL","NO_FMP_STOCK_SYMBOL;NO_FMP_FINANCIAL_SYMBOL","060310.KQ",""
"060480","국일신동","KOSDAQ","GENERAL","2014-12-29","false","NO_FMP_STOCK_SYMBOL","NO_FMP_STOCK_SYMBOL;NO_FMP_FINANCIAL_SYMBOL","060480.KQ",""
"060540","에스에이티","KOSDAQ","GENERAL","2006-11-28","false","NO_FMP_STOCK_SYMBOL","NO_FMP_STOCK_SYMBOL;NO_FMP_FINANCIAL_SYMBOL","060540.KQ",""
"060560","HC홈센타","KOSDAQ","GENERAL","2002-07-11","false","NO_FMP_STOCK_SYMBOL","NO_FMP_STOCK_SYMBOL;NO_FMP_FINANCIAL_SYMBOL","060560.KQ",""
"060570","드림어스컴퍼니","KOSDAQ","GENERAL","2003-12-19","false","NO_FMP_STOCK_SYMBOL","NO_FMP_STOCK_SYMBOL;NO_FMP_FINANCIAL_SYMBOL","060570.KQ",""
"060590","씨티씨바이오","KOSDAQ","GENERAL","2002-02-21","false","NO_FMP_STOCK_SYMBOL","NO_FMP_STOCK_SYMBOL;NO_FMP_FINANCIAL_SYMBOL","060590.KQ",""
"060850","영림원소프트랩","KOSDAQ","GENERAL","2020-08-12","false","NO_FMP_STOCK_SYMBOL","NO_FMP_STOCK_SYMBOL;NO_FMP_FINANCIAL_SYMBOL","060850.KQ",""
"060900","에이전트AI","KOSDAQ","GENERAL","2002-09-17","false","NO_FMP_STOCK_SYMBOL","NO_FMP_STOCK_SYMBOL;NO_FMP_FINANCIAL_SYMBOL","060900.KQ",""
"061040","알에프텍","KOSDAQ","GENERAL","2002-05-16","false","NO_FMP_STOCK_SYMBOL","NO_FMP_STOCK_SYMBOL;NO_FMP_FINANCIAL_SYMBOL","061040.KQ",""
"061090","세나테크놀로지","KOSDAQ","GENERAL","2025-11-14","true","NO_FMP_STOCK_SYMBOL","NO_FMP_STOCK_SYMBOL;NO_FMP_FINANCIAL_SYMBOL","061090.KQ",""
"061250","화일약품","KOSDAQ","GENERAL","2002-04-18","false","NO_FMP_STOCK_SYMBOL","NO_FMP_STOCK_SYMBOL;NO_FMP_FINANCIAL_SYMBOL","061250.KQ",""
"062970","한국첨단소재","KOSDAQ","GENERAL","2019-12-26","false","NO_FMP_STOCK_SYMBOL","NO_FMP_STOCK_SYMBOL;NO_FMP_FINANCIAL_SYMBOL","062970.KQ",""
"063440","SM Life Design","KOSDAQ","GENERAL","2002-05-30","false","NO_FMP_STOCK_SYMBOL","NO_FMP_STOCK_SYMBOL;NO_FMP_FINANCIAL_SYMBOL","063440.KQ",""
"063570","NICE인프라","KOSDAQ","GENERAL","2006-07-14","false","NO_FMP_STOCK_SYMBOL","NO_FMP_STOCK_SYMBOL;NO_FMP_FINANCIAL_SYMBOL","063570.KQ",""
"063760","이엘피","KOSDAQ","GENERAL","2017-04-06","false","NO_FMP_STOCK_SYMBOL","NO_FMP_STOCK_SYMBOL;NO_FMP_FINANCIAL_SYMBOL","063760.KQ",""
"064090","인크레더블버즈","KOSDAQ","GENERAL","2002-12-17","false","NO_FMP_STOCK_SYMBOL","NO_FMP_STOCK_SYMBOL;NO_FMP_FINANCIAL_SYMBOL","064090.KQ",""
"064240","홈캐스트","KOSDAQ","GENERAL","2003-06-11","false","NO_FMP_STOCK_SYMBOL","NO_FMP_STOCK_SYMBOL;NO_FMP_FINANCIAL_SYMBOL","064240.KQ",""
"064480","브리지텍","KOSDAQ","GENERAL","2008-06-04","false","NO_FMP_STOCK_SYMBOL","NO_FMP_STOCK_SYMBOL;NO_FMP_FINANCIAL_SYMBOL","064480.KQ",""
"064520","테크엘","KOSDAQ","GENERAL","2002-12-04","false","NO_FMP_STOCK_SYMBOL","NO_FMP_STOCK_SYMBOL;NO_FMP_FINANCIAL_SYMBOL","064520.KQ",""
"064800","포니링크","KOSDAQ","GENERAL","2002-08-22","false","NO_FMP_STOCK_SYMBOL","NO_FMP_STOCK_SYMBOL;NO_FMP_FINANCIAL_SYMBOL","064800.KQ",""
"064820","케이프","KOSDAQ","GENERAL","2007-05-29","false","NO_FMP_STOCK_SYMBOL","NO_FMP_STOCK_SYMBOL;NO_FMP_FINANCIAL_SYMBOL","064820.KQ",""
"064850","에프앤가이드","KOSDAQ","GENERAL","2020-12-17","false","NO_FMP_STOCK_SYMBOL","NO_FMP_STOCK_SYMBOL;NO_FMP_FINANCIAL_SYMBOL","064850.KQ",""
"065060","지엔코","KOSDAQ","GENERAL","2002-05-28","false","NO_FMP_STOCK_SYMBOL","NO_FMP_STOCK_SYMBOL;NO_FMP_FINANCIAL_SYMBOL","065060.KQ",""
"065130","탑엔지니어링","KOSDAQ","GENERAL","2003-01-29","false","NO_FMP_STOCK_SYMBOL","NO_FMP_STOCK_SYMBOL;NO_FMP_FINANCIAL_SYMBOL","065130.KQ",""
"065150","대산F&B","KOSDAQ","GENERAL","2007-07-18","false","NO_FMP_STOCK_SYMBOL","NO_FMP_STOCK_SYMBOL;NO_FMP_FINANCIAL_SYMBOL","065150.KQ",""
"065170","비엘팜텍","KOSDAQ","GENERAL","2002-11-19","false","NO_FMP_STOCK_SYMBOL","NO_FMP_STOCK_SYMBOL;NO_FMP_FINANCIAL_SYMBOL","065170.KQ",""
"065370","위세아이텍","KOSDAQ","GENERAL","2020-02-10","false","NO_FMP_STOCK_SYMBOL","NO_FMP_STOCK_SYMBOL;NO_FMP_FINANCIAL_SYMBOL","065370.KQ",""
"065420","에스아이리소스","KOSDAQ","GENERAL","2002-08-22","false","NO_FMP_STOCK_SYMBOL","NO_FMP_STOCK_SYMBOL;NO_FMP_FINANCIAL_SYMBOL","065420.KQ",""
"065440","이루온","KOSDAQ","GENERAL","2003-01-28","false","NO_FMP_STOCK_SYMBOL","NO_FMP_STOCK_SYMBOL;NO_FMP_FINANCIAL_SYMBOL","065440.KQ",""
"065450","빅텍","KOSDAQ","GENERAL","2003-02-05","false","NO_FMP_STOCK_SYMBOL","NO_FMP_STOCK_SYMBOL;NO_FMP_FINANCIAL_SYMBOL","065450.KQ",""
"065500","오리엔트정공","KOSDAQ","GENERAL","2002-09-19","false","NO_FMP_STOCK_SYMBOL","NO_FMP_STOCK_SYMBOL;NO_FMP_FINANCIAL_SYMBOL","065500.KQ",""
"065510","휴비츠","KOSDAQ","GENERAL","2003-10-31","false","NO_FMP_STOCK_SYMBOL","NO_FMP_STOCK_SYMBOL;NO_FMP_FINANCIAL_SYMBOL","065510.KQ",""
"065530","와이어블","KOSDAQ","GENERAL","2002-06-04","false","NO_FMP_STOCK_SYMBOL","NO_FMP_STOCK_SYMBOL;NO_FMP_FINANCIAL_SYMBOL","065530.KQ",""
"065570","삼영이엔씨","KOSDAQ","GENERAL","2003-01-21","false","NO_FMP_STOCK_SYMBOL","NO_FMP_STOCK_SYMBOL;NO_FMP_FINANCIAL_SYMBOL","065570.KQ",""
"065650","하이퍼코퍼레이션","KOSDAQ","GENERAL","2003-01-21","false","NO_FMP_STOCK_SYMBOL","NO_FMP_STOCK_SYMBOL;NO_FMP_FINANCIAL_SYMBOL","065650.KQ",""
"065690","파커스","KOSDAQ","GENERAL","2002-07-16","false","NO_FMP_STOCK_SYMBOL","NO_FMP_STOCK_SYMBOL;NO_FMP_FINANCIAL_SYMBOL","065690.KQ",""
"065710","서호전기","KOSDAQ","GENERAL","2002-07-16","false","NO_FMP_STOCK_SYMBOL","NO_FMP_STOCK_SYMBOL;NO_FMP_FINANCIAL_SYMBOL","065710.KQ",""
"065770","CS","KOSDAQ","GENERAL","2004-06-04","false","NO_FMP_STOCK_SYMBOL","NO_FMP_STOCK_SYMBOL;NO_FMP_FINANCIAL_SYMBOL","065770.KQ",""
"065950","웰크론","KOSDAQ","GENERAL","2003-07-29","false","NO_FMP_STOCK_SYMBOL","NO_FMP_STOCK_SYMBOL;NO_FMP_FINANCIAL_SYMBOL","065950.KQ",""
"066130","하츠","KOSDAQ","GENERAL","2003-02-11","false","NO_FMP_STOCK_SYMBOL","NO_FMP_STOCK_SYMBOL;NO_FMP_FINANCIAL_SYMBOL","066130.KQ",""
"066360","체리부로","KOSDAQ","GENERAL","2017-12-04","false","NO_FMP_STOCK_SYMBOL","NO_FMP_STOCK_SYMBOL;NO_FMP_FINANCIAL_SYMBOL","066360.KQ",""
"066410","버킷스튜디오","KOSDAQ","GENERAL","2003-12-19","false","NO_FMP_STOCK_SYMBOL","NO_FMP_STOCK_SYMBOL;NO_FMP_FINANCIAL_SYMBOL","066410.KQ",""
"066430","아이로보틱스","KOSDAQ","GENERAL","2002-12-24","false","NO_FMP_STOCK_SYMBOL","NO_FMP_STOCK_SYMBOL;NO_FMP_FINANCIAL_SYMBOL","066430.KQ",""
"066590","스모트로닉","KOSDAQ","GENERAL","2003-02-12","false","NO_FMP_STOCK_SYMBOL","NO_FMP_STOCK_SYMBOL;NO_FMP_FINANCIAL_SYMBOL","066590.KQ",""
"066620","국보디자인","KOSDAQ","GENERAL","2002-09-05","false","NO_FMP_STOCK_SYMBOL","NO_FMP_STOCK_SYMBOL;NO_FMP_FINANCIAL_SYMBOL","066620.KQ",""
"066700","테라젠이텍스","KOSDAQ","GENERAL","2004-05-27","false","NO_FMP_STOCK_SYMBOL","NO_FMP_STOCK_SYMBOL;NO_FMP_FINANCIAL_SYMBOL","066700.KQ",""
"066790","씨씨에스","KOSDAQ","GENERAL","2003-05-30","false","NO_FMP_STOCK_SYMBOL","NO_FMP_STOCK_SYMBOL;NO_FMP_FINANCIAL_SYMBOL","066790.KQ",""
"066900","디에이피","KOSDAQ","GENERAL","2004-05-14","false","NO_FMP_STOCK_SYMBOL","NO_FMP_STOCK_SYMBOL;NO_FMP_FINANCIAL_SYMBOL","066900.KQ",""
"066910","손오공","KOSDAQ","GENERAL","2005-01-07","false","NO_FMP_STOCK_SYMBOL","NO_FMP_STOCK_SYMBOL;NO_FMP_FINANCIAL_SYMBOL","066910.KQ",""
"066980","한성크린텍","KOSDAQ","GENERAL","2003-01-17","false","NO_FMP_STOCK_SYMBOL","NO_FMP_STOCK_SYMBOL;NO_FMP_FINANCIAL_SYMBOL","066980.KQ",""
"067000","조이시티","KOSDAQ","GENERAL","2008-05-30","false","NO_FMP_STOCK_SYMBOL","NO_FMP_STOCK_SYMBOL;NO_FMP_FINANCIAL_SYMBOL","067000.KQ",""
"067010","이씨에스","KOSDAQ","GENERAL","2007-12-18","false","NO_FMP_STOCK_SYMBOL","NO_FMP_STOCK_SYMBOL;NO_FMP_FINANCIAL_SYMBOL","067010.KQ",""
"067080","대화제약","KOSDAQ","GENERAL","2003-02-14","false","NO_FMP_STOCK_SYMBOL","NO_FMP_STOCK_SYMBOL;NO_FMP_FINANCIAL_SYMBOL","067080.KQ",""
"067170","오텍","KOSDAQ","GENERAL","2003-11-14","false","NO_FMP_STOCK_SYMBOL","NO_FMP_STOCK_SYMBOL;NO_FMP_FINANCIAL_SYMBOL","067170.KQ",""
"067280","멀티캠퍼스","KOSDAQ","GENERAL","2006-11-16","false","NO_FMP_STOCK_SYMBOL","NO_FMP_STOCK_SYMBOL;NO_FMP_FINANCIAL_SYMBOL","067280.KQ",""
"067290","JW신약","KOSDAQ","GENERAL","2003-02-11","false","NO_FMP_STOCK_SYMBOL","NO_FMP_STOCK_SYMBOL;NO_FMP_FINANCIAL_SYMBOL","067290.KQ",""
"067370","선바이오","KOSDAQ","GENERAL","2022-10-05","false","NO_FMP_STOCK_SYMBOL","NO_FMP_STOCK_SYMBOL;NO_FMP_FINANCIAL_SYMBOL","067370.KQ",""
"067390","아스트","KOSDAQ","GENERAL","2014-12-24","false","NO_FMP_STOCK_SYMBOL","NO_FMP_STOCK_SYMBOL;NO_FMP_FINANCIAL_SYMBOL","067390.KQ",""
"067570","엔브이에이치코리아","KOSDAQ","GENERAL","2013-12-03","false","NO_FMP_STOCK_SYMBOL","NO_FMP_STOCK_SYMBOL;NO_FMP_FINANCIAL_SYMBOL","067570.KQ",""
"067730","로지시스","KOSDAQ","GENERAL","2015-07-29","false","NO_FMP_STOCK_SYMBOL","NO_FMP_STOCK_SYMBOL;NO_FMP_FINANCIAL_SYMBOL","067730.KQ",""
"067770","세진티에스","KOSDAQ","GENERAL","2004-01-09","false","NO_FMP_STOCK_SYMBOL","NO_FMP_STOCK_SYMBOL;NO_FMP_FINANCIAL_SYMBOL","067770.KQ",""
"067920","이글루","KOSDAQ","GENERAL","2010-08-04","false","NO_FMP_STOCK_SYMBOL","NO_FMP_STOCK_SYMBOL;NO_FMP_FINANCIAL_SYMBOL","067920.KQ",""
"068050","팬엔터테인먼트","KOSDAQ","GENERAL","2006-07-07","false","NO_FMP_STOCK_SYMBOL","NO_FMP_STOCK_SYMBOL;NO_FMP_FINANCIAL_SYMBOL","068050.KQ",""
"068790","DMS","KOSDAQ","GENERAL","2004-10-01","false","NO_FMP_STOCK_SYMBOL","NO_FMP_STOCK_SYMBOL;NO_FMP_FINANCIAL_SYMBOL","068790.KQ",""
"068930","디지털대성","KOSDAQ","GENERAL","2003-10-17","false","NO_FMP_STOCK_SYMBOL","NO_FMP_STOCK_SYMBOL;NO_FMP_FINANCIAL_SYMBOL","068930.KQ",""
"068940","셀피글로벌","KOSDAQ","GENERAL","2010-10-19","false","NO_FMP_STOCK_SYMBOL","NO_FMP_STOCK_SYMBOL;NO_FMP_FINANCIAL_SYMBOL","068940.KQ",""
"069140","누리플랜","KOSDAQ","GENERAL","2010-10-26","false","NO_FMP_STOCK_SYMBOL","NO_FMP_STOCK_SYMBOL;NO_FMP_FINANCIAL_SYMBOL","069140.KQ",""
"069330","유아이디","KOSDAQ","GENERAL","2003-08-18","false","NO_FMP_STOCK_SYMBOL","NO_FMP_STOCK_SYMBOL;NO_FMP_FINANCIAL_SYMBOL","069330.KQ",""
"069410","엔텔스","KOSDAQ","GENERAL","2007-06-20","false","NO_FMP_STOCK_SYMBOL","NO_FMP_STOCK_SYMBOL;NO_FMP_FINANCIAL_SYMBOL","069410.KQ",""
"069510","에스텍","KOSDAQ","GENERAL","2003-11-14","false","NO_FMP_STOCK_SYMBOL","NO_FMP_STOCK_SYMBOL;NO_FMP_FINANCIAL_SYMBOL","069510.KQ",""
"069540","빛과전자","KOSDAQ","GENERAL","2004-02-13","false","NO_FMP_STOCK_SYMBOL","NO_FMP_STOCK_SYMBOL;NO_FMP_FINANCIAL_SYMBOL","069540.KQ",""
"069920","엑시온그룹","KOSDAQ","GENERAL","2007-12-05","false","NO_FMP_STOCK_SYMBOL","NO_FMP_STOCK_SYMBOL;NO_FMP_FINANCIAL_SYMBOL","069920.KQ",""
"070300","퀀텀레일","KOSDAQ","GENERAL","2010-06-09","false","NO_FMP_STOCK_SYMBOL","NO_FMP_STOCK_SYMBOL;NO_FMP_FINANCIAL_SYMBOL","070300.KQ",""
"070590","인티큐브","KOSDAQ","GENERAL","2004-01-08","false","NO_FMP_STOCK_SYMBOL","NO_FMP_STOCK_SYMBOL;NO_FMP_FINANCIAL_SYMBOL","070590.KQ",""
"071280","로체시스템즈","KOSDAQ","GENERAL","2003-11-14","false","NO_FMP_STOCK_SYMBOL","NO_FMP_STOCK_SYMBOL;NO_FMP_FINANCIAL_SYMBOL","071280.KQ",""
"071850","캐스텍코리아","KOSDAQ","GENERAL","2014-05-27","false","NO_FMP_STOCK_SYMBOL","NO_FMP_STOCK_SYMBOL;NO_FMP_FINANCIAL_SYMBOL","071850.KQ",""
"072020","중앙백신","KOSDAQ","GENERAL","2003-10-31","false","NO_FMP_STOCK_SYMBOL","NO_FMP_STOCK_SYMBOL;NO_FMP_FINANCIAL_SYMBOL","072020.KQ",""
"072470","우리산업홀딩스","KOSDAQ","GENERAL","2003-10-28","false","NO_FMP_STOCK_SYMBOL","NO_FMP_STOCK_SYMBOL;NO_FMP_FINANCIAL_SYMBOL","072470.KQ",""
"072770","멤레이비티","KOSDAQ","GENERAL","2007-07-25","false","NO_FMP_STOCK_SYMBOL","NO_FMP_STOCK_SYMBOL;NO_FMP_FINANCIAL_SYMBOL","072770.KQ",""
"072870","메가스터디","KOSDAQ","GENERAL","2004-12-21","false","NO_FMP_STOCK_SYMBOL","NO_FMP_STOCK_SYMBOL;NO_FMP_FINANCIAL_SYMBOL","072870.KQ",""
"072950","빛샘전자","KOSDAQ","GENERAL","2012-03-21","false","NO_FMP_STOCK_SYMBOL","NO_FMP_STOCK_SYMBOL;NO_FMP_FINANCIAL_SYMBOL","072950.KQ",""
"072990","에이치시티","KOSDAQ","GENERAL","2016-10-17","false","NO_FMP_STOCK_SYMBOL","NO_FMP_STOCK_SYMBOL;NO_FMP_FINANCIAL_SYMBOL","072990.KQ",""
"073010","케이에스피","KOSDAQ","GENERAL","2004-12-17","false","NO_FMP_STOCK_SYMBOL","NO_FMP_STOCK_SYMBOL;NO_FMP_FINANCIAL_SYMBOL","073010.KQ",""
"073110","엘엠에스","KOSDAQ","GENERAL","2007-10-12","false","NO_FMP_STOCK_SYMBOL","NO_FMP_STOCK_SYMBOL;NO_FMP_FINANCIAL_SYMBOL","073110.KQ",""
"073190","듀오백","KOSDAQ","GENERAL","2004-02-06","false","NO_FMP_STOCK_SYMBOL","NO_FMP_STOCK_SYMBOL;NO_FMP_FINANCIAL_SYMBOL","073190.KQ",""
"073540","에프알텍","KOSDAQ","GENERAL","2007-05-18","false","NO_FMP_STOCK_SYMBOL","NO_FMP_STOCK_SYMBOL;NO_FMP_FINANCIAL_SYMBOL","073540.KQ",""
"073560","우리손에프앤지","KOSDAQ","GENERAL","2016-07-27","false","NO_FMP_STOCK_SYMBOL","NO_FMP_STOCK_SYMBOL;NO_FMP_FINANCIAL_SYMBOL","073560.KQ",""
"073640","테라사이언스","KOSDAQ","GENERAL","2004-01-06","false","NO_FMP_STOCK_SYMBOL","NO_FMP_STOCK_SYMBOL;NO_FMP_FINANCIAL_SYMBOL","073640.KQ",""
"074430","아미노로직스","KOSDAQ","GENERAL","2004-06-04","false","NO_FMP_STOCK_SYMBOL","NO_FMP_STOCK_SYMBOL;NO_FMP_FINANCIAL_SYMBOL","074430.KQ",""
"075970","동국알앤에스","KOSDAQ","GENERAL","2004-02-13","false","NO_FMP_STOCK_SYMBOL","NO_FMP_STOCK_SYMBOL;NO_FMP_FINANCIAL_SYMBOL","075970.KQ",""
"076080","웰크론한텍","KOSDAQ","GENERAL","2008-07-18","false","NO_FMP_STOCK_SYMBOL","NO_FMP_STOCK_SYMBOL;NO_FMP_FINANCIAL_SYMBOL","076080.KQ",""
"076610","해성옵틱스","KOSDAQ","GENERAL","2013-11-06","false","NO_FMP_STOCK_SYMBOL","NO_FMP_STOCK_SYMBOL;NO_FMP_FINANCIAL_SYMBOL","076610.KQ",""
"077360","덕산하이메탈","KOSDAQ","GENERAL","2005-10-14","false","NO_FMP_STOCK_SYMBOL","NO_FMP_STOCK_SYMBOL;NO_FMP_FINANCIAL_SYMBOL","077360.KQ",""
"078020","LS증권","KOSDAQ","GENERAL","2007-02-21","false","NO_FMP_STOCK_SYMBOL","NO_FMP_STOCK_SYMBOL;NO_FMP_FINANCIAL_SYMBOL","078020.KQ",""
"078070","유비쿼스홀딩스","KOSDAQ","GENERAL","2009-01-23","false","NO_FMP_STOCK_SYMBOL","NO_FMP_STOCK_SYMBOL;NO_FMP_FINANCIAL_SYMBOL","078070.KQ",""
"078140","대봉엘에스","KOSDAQ","GENERAL","2005-12-23","false","NO_FMP_STOCK_SYMBOL","NO_FMP_STOCK_SYMBOL;NO_FMP_FINANCIAL_SYMBOL","078140.KQ",""
"078150","HB테크놀러지","KOSDAQ","GENERAL","2004-12-08","false","NO_FMP_STOCK_SYMBOL","NO_FMP_STOCK_SYMBOL;NO_FMP_FINANCIAL_SYMBOL","078150.KQ",""
"078350","한양디지텍","KOSDAQ","GENERAL","2004-05-14","false","NO_FMP_STOCK_SYMBOL","NO_FMP_STOCK_SYMBOL;NO_FMP_FINANCIAL_SYMBOL","078350.KQ",""
"078590","휴림에이텍","KOSDAQ","GENERAL","2005-10-27","false","NO_FMP_STOCK_SYMBOL","NO_FMP_STOCK_SYMBOL;NO_FMP_FINANCIAL_SYMBOL","078590.KQ",""
"078860","아이오케이이엔엠","KOSDAQ","GENERAL","2006-06-27","false","NO_FMP_STOCK_SYMBOL","NO_FMP_STOCK_SYMBOL;NO_FMP_FINANCIAL_SYMBOL","078860.KQ",""
"078890","가온그룹","KOSDAQ","GENERAL","2005-07-12","false","NO_FMP_STOCK_SYMBOL","NO_FMP_STOCK_SYMBOL;NO_FMP_FINANCIAL_SYMBOL","078890.KQ",""
"079000","와토스코리아","KOSDAQ","GENERAL","2005-11-15","false","NO_FMP_STOCK_SYMBOL","NO_FMP_STOCK_SYMBOL;NO_FMP_FINANCIAL_SYMBOL","079000.KQ",""
"079170","한창산업","KOSDAQ","GENERAL","2005-02-01","false","NO_FMP_STOCK_SYMBOL","NO_FMP_STOCK_SYMBOL;NO_FMP_FINANCIAL_SYMBOL","079170.KQ",""
"079190","케스피온","KOSDAQ","GENERAL","2005-11-29","false","NO_FMP_STOCK_SYMBOL","NO_FMP_STOCK_SYMBOL;NO_FMP_FINANCIAL_SYMBOL","079190.KQ",""
"079370","제우스","KOSDAQ","GENERAL","2006-02-01","false","NO_FMP_STOCK_SYMBOL","NO_FMP_STOCK_SYMBOL;NO_FMP_FINANCIAL_SYMBOL","079370.KQ",""
"079650","서산","KOSDAQ","GENERAL","2005-01-21","false","NO_FMP_STOCK_SYMBOL","NO_FMP_STOCK_SYMBOL;NO_FMP_FINANCIAL_SYMBOL","079650.KQ",""
"079940","가비아","KOSDAQ","GENERAL","2005-10-19","false","NO_FMP_STOCK_SYMBOL","NO_FMP_STOCK_SYMBOL;NO_FMP_FINANCIAL_SYMBOL","079940.KQ",""
"079950","인베니아","KOSDAQ","GENERAL","2005-02-04","false","NO_FMP_STOCK_SYMBOL","NO_FMP_STOCK_SYMBOL;NO_FMP_FINANCIAL_SYMBOL","079950.KQ",""
"079960","동양이엔피","KOSDAQ","GENERAL","2005-02-01","false","NO_FMP_STOCK_SYMBOL","NO_FMP_STOCK_SYMBOL;NO_FMP_FINANCIAL_SYMBOL","079960.KQ",""
"079970","투비소프트","KOSDAQ","GENERAL","2010-06-01","false","NO_FMP_STOCK_SYMBOL","NO_FMP_STOCK_SYMBOL;NO_FMP_FINANCIAL_SYMBOL","079970.KQ",""
"080010","이상네트웍스","KOSDAQ","GENERAL","2005-09-30","false","NO_FMP_STOCK_SYMBOL","NO_FMP_STOCK_SYMBOL;NO_FMP_FINANCIAL_SYMBOL","080010.KQ",""
"080220","제주반도체","KOSDAQ","GENERAL","2005-02-01","false","NO_FMP_STOCK_SYMBOL","NO_FMP_STOCK_SYMBOL;NO_FMP_FINANCIAL_SYMBOL","080220.KQ",""
"080420","모다이노칩","KOSDAQ","GENERAL","2005-12-06","false","NO_FMP_STOCK_SYMBOL","NO_FMP_STOCK_SYMBOL;NO_FMP_FINANCIAL_SYMBOL","080420.KQ",""
"080470","성창오토텍","KOSDAQ","GENERAL","2006-11-03","false","NO_FMP_STOCK_SYMBOL","NO_FMP_STOCK_SYMBOL;NO_FMP_FINANCIAL_SYMBOL","080470.KQ",""
"080520","오디텍","KOSDAQ","GENERAL","2007-10-08","false","NO_FMP_STOCK_SYMBOL","NO_FMP_STOCK_SYMBOL;NO_FMP_FINANCIAL_SYMBOL","080520.KQ",""
"080530","코디","KOSDAQ","GENERAL","2010-01-05","false","NO_FMP_STOCK_SYMBOL","NO_FMP_STOCK_SYMBOL;NO_FMP_FINANCIAL_SYMBOL","080530.KQ",""
"080720","한국유니온제약","KOSDAQ","GENERAL","2018-07-26","false","NO_FMP_STOCK_SYMBOL","NO_FMP_STOCK_SYMBOL;NO_FMP_FINANCIAL_SYMBOL","080720.KQ",""
"081150","티플랙스","KOSDAQ","GENERAL","2009-04-23","false","NO_FMP_STOCK_SYMBOL","NO_FMP_STOCK_SYMBOL;NO_FMP_FINANCIAL_SYMBOL","081150.KQ",""
"081180","쎄크","KOSDAQ","GENERAL","2025-04-28","false","NO_FMP_STOCK_SYMBOL","NO_FMP_STOCK_SYMBOL;NO_FMP_FINANCIAL_SYMBOL","081180.KQ",""
"082660","코스나인","KOSDAQ","GENERAL","2005-10-05","false","NO_FMP_STOCK_SYMBOL","NO_FMP_STOCK_SYMBOL;NO_FMP_FINANCIAL_SYMBOL","082660.KQ",""
"082800","비보존 제약","KOSDAQ","GENERAL","2005-11-18","false","NO_FMP_STOCK_SYMBOL","NO_FMP_STOCK_SYMBOL;NO_FMP_FINANCIAL_SYMBOL","082800.KQ",""
"082850","우리바이오","KOSDAQ","GENERAL","2005-07-29","false","NO_FMP_STOCK_SYMBOL","NO_FMP_STOCK_SYMBOL;NO_FMP_FINANCIAL_SYMBOL","082850.KQ",""
"083450","GST","KOSDAQ","GENERAL","2006-02-01","false","NO_FMP_STOCK_SYMBOL","NO_FMP_STOCK_SYMBOL;NO_FMP_FINANCIAL_SYMBOL","083450.KQ",""
"083470","이엠앤아이","KOSDAQ","GENERAL","2008-09-18","false","NO_FMP_STOCK_SYMBOL","NO_FMP_STOCK_SYMBOL;NO_FMP_FINANCIAL_SYMBOL","083470.KQ",""
"083500","에프엔에스테크","KOSDAQ","GENERAL","2017-02-27","false","NO_FMP_STOCK_SYMBOL","NO_FMP_STOCK_SYMBOL;NO_FMP_FINANCIAL_SYMBOL","083500.KQ",""
"083550","케이엠","KOSDAQ","GENERAL","2005-12-20","false","NO_FMP_STOCK_SYMBOL","NO_FMP_STOCK_SYMBOL;NO_FMP_FINANCIAL_SYMBOL","083550.KQ",""
"083640","인콘","KOSDAQ","GENERAL","2005-12-27","false","NO_FMP_STOCK_SYMBOL","NO_FMP_STOCK_SYMBOL;NO_FMP_FINANCIAL_SYMBOL","083640.KQ",""
"083650","비에이치아이","KOSDAQ","GENERAL","2005-12-02","false","NO_FMP_STOCK_SYMBOL","NO_FMP_STOCK_SYMBOL;NO_FMP_FINANCIAL_SYMBOL","083650.KQ",""
"083660","CSA 코스믹","KOSDAQ","GENERAL","2006-07-25","false","NO_FMP_STOCK_SYMBOL","NO_FMP_STOCK_SYMBOL;NO_FMP_FINANCIAL_SYMBOL","083660.KQ",""
"083930","아바코","KOSDAQ","GENERAL","2005-10-11","false","NO_FMP_STOCK_SYMBOL","NO_FMP_STOCK_SYMBOL;NO_FMP_FINANCIAL_SYMBOL","083930.KQ",""
"084180","수성웹툰","KOSDAQ","GENERAL","2005-12-16","false","NO_FMP_STOCK_SYMBOL","NO_FMP_STOCK_SYMBOL;NO_FMP_FINANCIAL_SYMBOL","084180.KQ",""
"084440","유비온","KOSDAQ","GENERAL","2022-11-18","false","NO_FMP_STOCK_SYMBOL","NO_FMP_STOCK_SYMBOL;NO_FMP_FINANCIAL_SYMBOL","084440.KQ",""
"084730","팅크웨어","KOSDAQ","GENERAL","2006-05-19","false","NO_FMP_STOCK_SYMBOL","NO_FMP_STOCK_SYMBOL;NO_FMP_FINANCIAL_SYMBOL","084730.KQ",""
"085670","뉴프렉스","KOSDAQ","GENERAL","2006-01-17","false","NO_FMP_STOCK_SYMBOL","NO_FMP_STOCK_SYMBOL;NO_FMP_FINANCIAL_SYMBOL","085670.KQ",""
"085810","알티캐스트","KOSDAQ","GENERAL","2013-12-06","false","NO_FMP_STOCK_SYMBOL","NO_FMP_STOCK_SYMBOL;NO_FMP_FINANCIAL_SYMBOL","085810.KQ",""
"085910","네오티스","KOSDAQ","GENERAL","2007-10-01","false","NO_FMP_STOCK_SYMBOL","NO_FMP_STOCK_SYMBOL;NO_FMP_FINANCIAL_SYMBOL","085910.KQ",""
"086040","바이오톡스텍","KOSDAQ","GENERAL","2007-09-21","false","NO_FMP_STOCK_SYMBOL","NO_FMP_STOCK_SYMBOL;NO_FMP_FINANCIAL_SYMBOL","086040.KQ",""
"086060","진바이오텍","KOSDAQ","GENERAL","2006-04-28","false","NO_FMP_STOCK_SYMBOL","NO_FMP_STOCK_SYMBOL;NO_FMP_FINANCIAL_SYMBOL","086060.KQ",""
"086670","비엠티","KOSDAQ","GENERAL","2007-11-02","false","NO_FMP_STOCK_SYMBOL","NO_FMP_STOCK_SYMBOL;NO_FMP_FINANCIAL_SYMBOL","086670.KQ",""
"086710","선진뷰티사이언스","KOSDAQ","GENERAL","2021-01-27","false","NO_FMP_STOCK_SYMBOL","NO_FMP_STOCK_SYMBOL;NO_FMP_FINANCIAL_SYMBOL","086710.KQ",""
"086820","바이오솔루션","KOSDAQ","GENERAL","2018-08-20","false","NO_FMP_STOCK_SYMBOL","NO_FMP_STOCK_SYMBOL;NO_FMP_FINANCIAL_SYMBOL","086820.KQ",""
"086890","이수앱지스","KOSDAQ","GENERAL","2009-02-03","false","NO_FMP_STOCK_SYMBOL","NO_FMP_STOCK_SYMBOL;NO_FMP_FINANCIAL_SYMBOL","086890.KQ",""
"086960","MDS테크","KOSDAQ","GENERAL","2006-09-26","false","NO_FMP_STOCK_SYMBOL","NO_FMP_STOCK_SYMBOL;NO_FMP_FINANCIAL_SYMBOL","086960.KQ",""
"086980","쇼박스","KOSDAQ","GENERAL","2006-07-07","false","NO_FMP_STOCK_SYMBOL","NO_FMP_STOCK_SYMBOL;NO_FMP_FINANCIAL_SYMBOL","086980.KQ",""
"087260","모바일어플라이언스","KOSDAQ","GENERAL","2017-02-24","false","NO_FMP_STOCK_SYMBOL","NO_FMP_STOCK_SYMBOL;NO_FMP_FINANCIAL_SYMBOL","087260.KQ",""
"087600","픽셀플러스","KOSDAQ","GENERAL","2015-06-12","false","NO_FMP_STOCK_SYMBOL","NO_FMP_STOCK_SYMBOL;NO_FMP_FINANCIAL_SYMBOL","087600.KQ",""
"088130","동아엘텍","KOSDAQ","GENERAL","2007-01-03","false","NO_FMP_STOCK_SYMBOL","NO_FMP_STOCK_SYMBOL;NO_FMP_FINANCIAL_SYMBOL","088130.KQ",""
"088280","쏘닉스","KOSDAQ","GENERAL","2023-11-07","false","NO_FMP_STOCK_SYMBOL","NO_FMP_STOCK_SYMBOL;NO_FMP_FINANCIAL_SYMBOL","088280.KQ",""
"088290","이원컴포텍","KOSDAQ","GENERAL","2009-12-01","false","NO_FMP_STOCK_SYMBOL","NO_FMP_STOCK_SYMBOL;NO_FMP_FINANCIAL_SYMBOL","088290.KQ",""
"088340","유라클","KOSDAQ","GENERAL","2024-08-16","false","QUARTERLY_HISTORY_LT_3Y","QUARTERLY_HISTORY_LT_3Y","088340.KQ","088340.KQ"
"088390","이녹스","KOSDAQ","GENERAL","2006-10-20","false","NO_FMP_STOCK_SYMBOL","NO_FMP_STOCK_SYMBOL;NO_FMP_FINANCIAL_SYMBOL","088390.KQ",""
"088910","동우팜투테이블","KOSDAQ","GENERAL","2006-06-23","false","NO_FMP_STOCK_SYMBOL","NO_FMP_STOCK_SYMBOL;NO_FMP_FINANCIAL_SYMBOL","088910.KQ",""
"089140","넥스턴앤롤코리아","KOSDAQ","GENERAL","2006-11-01","false","NO_FMP_STOCK_SYMBOL","NO_FMP_STOCK_SYMBOL;NO_FMP_FINANCIAL_SYMBOL","089140.KQ",""
"089150","케이씨티","KOSDAQ","GENERAL","2006-12-13","false","NO_FMP_STOCK_SYMBOL","NO_FMP_STOCK_SYMBOL;NO_FMP_FINANCIAL_SYMBOL","089150.KQ",""
"089230","THE E&M","KOSDAQ","GENERAL","2006-10-10","false","NO_FMP_STOCK_SYMBOL","NO_FMP_STOCK_SYMBOL;NO_FMP_FINANCIAL_SYMBOL","089230.KQ",""
"089600","KT나스미디어","KOSDAQ","GENERAL","2013-07-17","false","NO_FMP_STOCK_SYMBOL","NO_FMP_STOCK_SYMBOL;NO_FMP_FINANCIAL_SYMBOL","089600.KQ",""
"089790","제이티","KOSDAQ","GENERAL","2006-10-27","false","NO_FMP_STOCK_SYMBOL","NO_FMP_STOCK_SYMBOL;NO_FMP_FINANCIAL_SYMBOL","089790.KQ",""
"089850","유비벨록스","KOSDAQ","GENERAL","2010-06-18","false","NO_FMP_STOCK_SYMBOL","NO_FMP_STOCK_SYMBOL;NO_FMP_FINANCIAL_SYMBOL","089850.KQ",""
"089890","코세스","KOSDAQ","GENERAL","2006-11-08","false","NO_FMP_STOCK_SYMBOL","NO_FMP_STOCK_SYMBOL;NO_FMP_FINANCIAL_SYMBOL","089890.KQ",""
"089970","브이엠","KOSDAQ","GENERAL","2018-08-23","false","NO_FMP_STOCK_SYMBOL","NO_FMP_STOCK_SYMBOL;NO_FMP_FINANCIAL_SYMBOL","089970.KQ",""
"090150","아이윈","KOSDAQ","GENERAL","2006-10-20","false","NO_FMP_STOCK_SYMBOL","NO_FMP_STOCK_SYMBOL;NO_FMP_FINANCIAL_SYMBOL","090150.KQ",""
"090410","덕신이피씨","KOSDAQ","GENERAL","2014-08-01","false","NO_FMP_STOCK_SYMBOL","NO_FMP_STOCK_SYMBOL;NO_FMP_FINANCIAL_SYMBOL","090410.KQ",""
"090470","제이스로보틱스","KOSDAQ","GENERAL","2007-01-10","false","NO_FMP_STOCK_SYMBOL","NO_FMP_STOCK_SYMBOL;NO_FMP_FINANCIAL_SYMBOL","090470.KQ",""
"090850","현대이지웰","KOSDAQ","GENERAL","2013-12-27","false","NO_FMP_STOCK_SYMBOL","NO_FMP_STOCK_SYMBOL;NO_FMP_FINANCIAL_SYMBOL","090850.KQ",""
"091340","S&K폴리텍","KOSDAQ","GENERAL","2007-07-30","false","NO_FMP_STOCK_SYMBOL","NO_FMP_STOCK_SYMBOL;NO_FMP_FINANCIAL_SYMBOL","091340.KQ",""
"091440","한울소재과학","KOSDAQ","GENERAL","2008-02-01","false","NO_FMP_STOCK_SYMBOL","NO_FMP_STOCK_SYMBOL;NO_FMP_FINANCIAL_SYMBOL","091440.KQ",""
"091580","상신이디피","KOSDAQ","GENERAL","2007-05-23","false","NO_FMP_STOCK_SYMBOL","NO_FMP_STOCK_SYMBOL;NO_FMP_FINANCIAL_SYMBOL","091580.KQ",""
"091590","남화토건","KOSDAQ","GENERAL","2012-01-31","false","NO_FMP_STOCK_SYMBOL","NO_FMP_STOCK_SYMBOL;NO_FMP_FINANCIAL_SYMBOL","091590.KQ",""
"091970","LSK아이로봇","KOSDAQ","GENERAL","2007-01-30","false","NO_FMP_STOCK_SYMBOL","NO_FMP_STOCK_SYMBOL;NO_FMP_FINANCIAL_SYMBOL","091970.KQ",""
"092070","디엔에프","KOSDAQ","GENERAL","2007-11-16","false","NO_FMP_STOCK_SYMBOL","NO_FMP_STOCK_SYMBOL;NO_FMP_FINANCIAL_SYMBOL","092070.KQ",""
"092130","이크레더블","KOSDAQ","GENERAL","2008-10-24","false","NO_FMP_STOCK_SYMBOL","NO_FMP_STOCK_SYMBOL;NO_FMP_FINANCIAL_SYMBOL","092130.KQ",""
"092190","서울바이오시스","KOSDAQ","GENERAL","2020-03-06","false","NO_FMP_STOCK_SYMBOL","NO_FMP_STOCK_SYMBOL;NO_FMP_FINANCIAL_SYMBOL","092190.KQ",""
"092300","현우산업","KOSDAQ","GENERAL","2007-10-24","false","NO_FMP_STOCK_SYMBOL","NO_FMP_STOCK_SYMBOL;NO_FMP_FINANCIAL_SYMBOL","092300.KQ",""
"092460","한라IMS","KOSDAQ","GENERAL","2007-05-22","false","NO_FMP_STOCK_SYMBOL","NO_FMP_STOCK_SYMBOL;NO_FMP_FINANCIAL_SYMBOL","092460.KQ",""
"092600","앤씨앤","KOSDAQ","GENERAL","2007-06-26","false","NO_FMP_STOCK_SYMBOL","NO_FMP_STOCK_SYMBOL;NO_FMP_FINANCIAL_SYMBOL","092600.KQ",""
"092870","엑시콘","KOSDAQ","GENERAL","2015-10-22","false","NO_FMP_STOCK_SYMBOL","NO_FMP_STOCK_SYMBOL;NO_FMP_FINANCIAL_SYMBOL","092870.KQ",""
"093190","빅솔론","KOSDAQ","GENERAL","2007-08-20","false","NO_FMP_STOCK_SYMBOL","NO_FMP_STOCK_SYMBOL;NO_FMP_FINANCIAL_SYMBOL","093190.KQ",""
"093320","케이아이엔엑스","KOSDAQ","GENERAL","2011-02-08","false","NO_FMP_STOCK_SYMBOL","NO_FMP_STOCK_SYMBOL;NO_FMP_FINANCIAL_SYMBOL","093320.KQ",""
"093380","풍강","KOSDAQ","GENERAL","2007-06-01","false","NO_FMP_STOCK_SYMBOL","NO_FMP_STOCK_SYMBOL;NO_FMP_FINANCIAL_SYMBOL","093380.KQ",""
"093520","매커스","KOSDAQ","GENERAL","2007-02-12","false","NO_FMP_STOCK_SYMBOL","NO_FMP_STOCK_SYMBOL;NO_FMP_FINANCIAL_SYMBOL","093520.KQ",""
"093640","케이알엠","KOSDAQ","GENERAL","2007-10-19","false","NO_FMP_STOCK_SYMBOL","NO_FMP_STOCK_SYMBOL;NO_FMP_FINANCIAL_SYMBOL","093640.KQ",""
"093920","서원인텍","KOSDAQ","GENERAL","2007-12-20","false","NO_FMP_STOCK_SYMBOL","NO_FMP_STOCK_SYMBOL;NO_FMP_FINANCIAL_SYMBOL","093920.KQ",""
"094360","칩스앤미디어","KOSDAQ","GENERAL","2015-08-05","false","NO_FMP_STOCK_SYMBOL","NO_FMP_STOCK_SYMBOL;NO_FMP_FINANCIAL_SYMBOL","094360.KQ",""
"094840","슈프리마에이치큐","KOSDAQ","GENERAL","2008-07-11","false","NO_FMP_STOCK_SYMBOL","NO_FMP_STOCK_SYMBOL;NO_FMP_FINANCIAL_SYMBOL","094840.KQ",""
"094850","참좋은여행","KOSDAQ","GENERAL","2007-04-30","false","NO_FMP_STOCK_SYMBOL","NO_FMP_STOCK_SYMBOL;NO_FMP_FINANCIAL_SYMBOL","094850.KQ",""
"094860","네오리진","KOSDAQ","GENERAL","2007-04-16","false","NO_FMP_STOCK_SYMBOL","NO_FMP_STOCK_SYMBOL;NO_FMP_FINANCIAL_SYMBOL","094860.KQ",""
"094940","푸른로보틱스","KOSDAQ","GENERAL","2007-09-14","false","NO_FMP_STOCK_SYMBOL","NO_FMP_STOCK_SYMBOL;NO_FMP_FINANCIAL_SYMBOL","094940.KQ",""
"094970","제이엠티","KOSDAQ","GENERAL","2007-10-12","false","NO_FMP_STOCK_SYMBOL","NO_FMP_STOCK_SYMBOL;NO_FMP_FINANCIAL_SYMBOL","094970.KQ",""
"095190","신화프리텍","KOSDAQ","GENERAL","2007-10-29","false","NO_FMP_STOCK_SYMBOL","NO_FMP_STOCK_SYMBOL;NO_FMP_FINANCIAL_SYMBOL","095190.KQ",""
"095270","웨이브일렉트로","KOSDAQ","GENERAL","2007-09-12","false","NO_FMP_STOCK_SYMBOL","NO_FMP_STOCK_SYMBOL;NO_FMP_FINANCIAL_SYMBOL","095270.KQ",""
"096250","와이즈넛","KOSDAQ","GENERAL","2025-01-24","false","NO_FMP_STOCK_SYMBOL","NO_FMP_STOCK_SYMBOL;NO_FMP_FINANCIAL_SYMBOL","096250.KQ",""
"096350","대창솔루션","KOSDAQ","GENERAL","2007-12-17","false","NO_FMP_STOCK_SYMBOL","NO_FMP_STOCK_SYMBOL;NO_FMP_FINANCIAL_SYMBOL","096350.KQ",""
"096630","에스코넥","KOSDAQ","GENERAL","2007-12-26","false","NO_FMP_STOCK_SYMBOL","NO_FMP_STOCK_SYMBOL;NO_FMP_FINANCIAL_SYMBOL","096630.KQ",""
"096690","에이루트","KOSDAQ","GENERAL","2010-12-01","false","NO_FMP_STOCK_SYMBOL","NO_FMP_STOCK_SYMBOL;NO_FMP_FINANCIAL_SYMBOL","096690.KQ",""
"096870","엘디티","KOSDAQ","GENERAL","2008-05-02","false","NO_FMP_STOCK_SYMBOL","NO_FMP_STOCK_SYMBOL;NO_FMP_FINANCIAL_SYMBOL","096870.KQ",""
"097780","에코볼트","KOSDAQ","GENERAL","2008-01-23","false","NO_FMP_STOCK_SYMBOL","NO_FMP_STOCK_SYMBOL;NO_FMP_FINANCIAL_SYMBOL","097780.KQ",""
"097800","윈팩","KOSDAQ","GENERAL","2013-03-07","false","NO_FMP_STOCK_SYMBOL","NO_FMP_STOCK_SYMBOL;NO_FMP_FINANCIAL_SYMBOL","097800.KQ",""
"098070","한텍","KOSDAQ","GENERAL","2025-03-20","false","QUARTERLY_HISTORY_LT_3Y","QUARTERLY_HISTORY_LT_3Y","098070.KQ","098070.KQ"
"098120","마이크로컨텍솔","KOSDAQ","GENERAL","2008-09-23","false","NO_FMP_STOCK_SYMBOL","NO_FMP_STOCK_SYMBOL;NO_FMP_FINANCIAL_SYMBOL","098120.KQ",""
"098660","에스티오","KOSDAQ","GENERAL","2009-04-17","false","NO_FMP_STOCK_SYMBOL","NO_FMP_STOCK_SYMBOL;NO_FMP_FINANCIAL_SYMBOL","098660.KQ",""
"099220","SDN","KOSDAQ","GENERAL","2009-05-19","false","NO_FMP_STOCK_SYMBOL","NO_FMP_STOCK_SYMBOL;NO_FMP_FINANCIAL_SYMBOL","099220.KQ",""
"099390","브레인즈컴퍼니","KOSDAQ","GENERAL","2021-08-19","false","NO_FMP_STOCK_SYMBOL","NO_FMP_STOCK_SYMBOL;NO_FMP_FINANCIAL_SYMBOL","099390.KQ",""
"099410","동방선기","KOSDAQ","GENERAL","2009-11-10","false","NO_FMP_STOCK_SYMBOL","NO_FMP_STOCK_SYMBOL;NO_FMP_FINANCIAL_SYMBOL","099410.KQ",""
"099440","스맥","KOSDAQ","GENERAL","2009-05-26","false","NO_FMP_STOCK_SYMBOL","NO_FMP_STOCK_SYMBOL;NO_FMP_FINANCIAL_SYMBOL","099440.KQ",""
"099520","DGI","KOSDAQ","GENERAL","2009-12-22","false","NO_FMP_STOCK_SYMBOL","NO_FMP_STOCK_SYMBOL;NO_FMP_FINANCIAL_SYMBOL","099520.KQ",""
"099750","이지케어텍","KOSDAQ","GENERAL","2019-03-22","false","NO_FMP_STOCK_SYMBOL","NO_FMP_STOCK_SYMBOL;NO_FMP_FINANCIAL_SYMBOL","099750.KQ",""
"100030","인지소프트","KOSDAQ","GENERAL","2010-05-25","false","NO_FMP_STOCK_SYMBOL","NO_FMP_STOCK_SYMBOL;NO_FMP_FINANCIAL_SYMBOL","100030.KQ",""
"100590","머큐리","KOSDAQ","GENERAL","2018-12-14","false","NO_FMP_STOCK_SYMBOL","NO_FMP_STOCK_SYMBOL;NO_FMP_FINANCIAL_SYMBOL","100590.KQ",""
"100660","서암기계공업","KOSDAQ","GENERAL","2011-12-19","false","NO_FMP_STOCK_SYMBOL","NO_FMP_STOCK_SYMBOL;NO_FMP_FINANCIAL_SYMBOL","100660.KQ",""
"100700","세운메디칼","KOSDAQ","GENERAL","2008-09-30","false","NO_FMP_STOCK_SYMBOL","NO_FMP_STOCK_SYMBOL;NO_FMP_FINANCIAL_SYMBOL","100700.KQ",""
"100790","미래에셋벤처투자","KOSDAQ","GENERAL","2019-03-15","false","NO_FMP_STOCK_SYMBOL","NO_FMP_STOCK_SYMBOL;NO_FMP_FINANCIAL_SYMBOL","100790.KQ",""
"101000","KS인더스트리","KOSDAQ","GENERAL","2009-11-06","false","NO_FMP_STOCK_SYMBOL","NO_FMP_STOCK_SYMBOL;NO_FMP_FINANCIAL_SYMBOL","101000.KQ",""
"101170","우림피티에스","KOSDAQ","GENERAL","2009-04-28","false","NO_FMP_STOCK_SYMBOL","NO_FMP_STOCK_SYMBOL;NO_FMP_FINANCIAL_SYMBOL","101170.KQ",""
"101240","씨큐브","KOSDAQ","GENERAL","2011-11-08","false","NO_FMP_STOCK_SYMBOL","NO_FMP_STOCK_SYMBOL;NO_FMP_FINANCIAL_SYMBOL","101240.KQ",""
"101400","엔시트론","KOSDAQ","GENERAL","2009-03-31","false","NO_FMP_STOCK_SYMBOL","NO_FMP_STOCK_SYMBOL;NO_FMP_FINANCIAL_SYMBOL","101400.KQ",""
"101670","하이드로리튬","KOSDAQ","GENERAL","2008-07-15","false","NO_FMP_STOCK_SYMBOL","NO_FMP_STOCK_SYMBOL;NO_FMP_FINANCIAL_SYMBOL","101670.KQ",""
"101680","한국정밀기계","KOSDAQ","GENERAL","2009-05-19","false","NO_FMP_STOCK_SYMBOL","NO_FMP_STOCK_SYMBOL;NO_FMP_FINANCIAL_SYMBOL","101680.KQ",""
"101930","인화정공","KOSDAQ","GENERAL","2010-10-22","false","NO_FMP_STOCK_SYMBOL","NO_FMP_STOCK_SYMBOL;NO_FMP_FINANCIAL_SYMBOL","101930.KQ",""
"101970","우양에이치씨","KOSDAQ","GENERAL","2025-03-28","false","NO_FMP_STOCK_SYMBOL","NO_FMP_STOCK_SYMBOL;NO_FMP_FINANCIAL_SYMBOL","101970.KQ",""
"102120","어보브반도체","KOSDAQ","GENERAL","2009-06-05","false","NO_FMP_STOCK_SYMBOL","NO_FMP_STOCK_SYMBOL;NO_FMP_FINANCIAL_SYMBOL","102120.KQ",""
"102370","케이옥션","KOSDAQ","GENERAL","2022-01-24","false","NO_FMP_STOCK_SYMBOL","NO_FMP_STOCK_SYMBOL;NO_FMP_FINANCIAL_SYMBOL","102370.KQ",""
"103230","에스앤더블류","KOSDAQ","GENERAL","2009-08-05","false","NO_FMP_STOCK_SYMBOL","NO_FMP_STOCK_SYMBOL;NO_FMP_FINANCIAL_SYMBOL","103230.KQ",""
"103840","우양","KOSDAQ","GENERAL","2019-11-20","false","NO_FMP_STOCK_SYMBOL","NO_FMP_STOCK_SYMBOL;NO_FMP_FINANCIAL_SYMBOL","103840.KQ",""
"104040","디에스엠","KOSDAQ","GENERAL","2009-01-23","false","NO_FMP_STOCK_SYMBOL","NO_FMP_STOCK_SYMBOL;NO_FMP_FINANCIAL_SYMBOL","104040.KQ",""
"104200","NHN벅스","KOSDAQ","GENERAL","2009-10-06","false","NO_FMP_STOCK_SYMBOL","NO_FMP_STOCK_SYMBOL;NO_FMP_FINANCIAL_SYMBOL","104200.KQ",""
"104460","디와이피엔에프","KOSDAQ","GENERAL","2009-12-22","false","NO_FMP_STOCK_SYMBOL","NO_FMP_STOCK_SYMBOL;NO_FMP_FINANCIAL_SYMBOL","104460.KQ",""
"104480","티케이케미칼","KOSDAQ","GENERAL","2011-04-26","false","NO_FMP_STOCK_SYMBOL","NO_FMP_STOCK_SYMBOL;NO_FMP_FINANCIAL_SYMBOL","104480.KQ",""
"104540","코렌텍","KOSDAQ","GENERAL","2013-03-05","false","NO_FMP_STOCK_SYMBOL","NO_FMP_STOCK_SYMBOL;NO_FMP_FINANCIAL_SYMBOL","104540.KQ",""
"104620","노랑풍선","KOSDAQ","GENERAL","2019-01-30","false","NO_FMP_STOCK_SYMBOL","NO_FMP_STOCK_SYMBOL;NO_FMP_FINANCIAL_SYMBOL","104620.KQ",""
"105330","케이엔더블유","KOSDAQ","GENERAL","2009-09-29","false","NO_FMP_STOCK_SYMBOL","NO_FMP_STOCK_SYMBOL;NO_FMP_FINANCIAL_SYMBOL","105330.KQ",""
"105550","엣지파운드리","KOSDAQ","GENERAL","2014-07-11","false","NO_FMP_STOCK_SYMBOL","NO_FMP_STOCK_SYMBOL;NO_FMP_FINANCIAL_SYMBOL","105550.KQ",""
"105740","디케이락","KOSDAQ","GENERAL","2010-11-12","false","NO_FMP_STOCK_SYMBOL","NO_FMP_STOCK_SYMBOL;NO_FMP_FINANCIAL_SYMBOL","105740.KQ",""
"105760","포스뱅크","KOSDAQ","GENERAL","2024-01-29","false","NO_FMP_STOCK_SYMBOL","NO_FMP_STOCK_SYMBOL;NO_FMP_FINANCIAL_SYMBOL","105760.KQ",""
"106080","케이이엠텍","KOSDAQ","GENERAL","2010-02-09","false","NO_FMP_STOCK_SYMBOL","NO_FMP_STOCK_SYMBOL;NO_FMP_FINANCIAL_SYMBOL","106080.KQ",""
"106190","하이텍팜","KOSDAQ","GENERAL","2010-07-28","false","NO_FMP_STOCK_SYMBOL","NO_FMP_STOCK_SYMBOL;NO_FMP_FINANCIAL_SYMBOL","106190.KQ",""
"106240","파인테크닉스","KOSDAQ","GENERAL","2009-03-16","false","NO_FMP_STOCK_SYMBOL","NO_FMP_STOCK_SYMBOL;NO_FMP_FINANCIAL_SYMBOL","106240.KQ",""
"107600","새빗켐","KOSDAQ","GENERAL","2022-08-04","false","NO_FMP_STOCK_SYMBOL","NO_FMP_STOCK_SYMBOL;NO_FMP_FINANCIAL_SYMBOL","107600.KQ",""
"107640","한중엔시에스","KOSDAQ","GENERAL","2024-06-24","false","QUARTERLY_HISTORY_LT_3Y","QUARTERLY_HISTORY_LT_3Y","107640.KQ","107640.KQ"
"108380","대양전기공업","KOSDAQ","GENERAL","2011-07-08","false","NO_FMP_STOCK_SYMBOL","NO_FMP_STOCK_SYMBOL;NO_FMP_FINANCIAL_SYMBOL","108380.KQ",""
"109080","옵티시스","KOSDAQ","GENERAL","2011-07-12","false","NO_FMP_STOCK_SYMBOL","NO_FMP_STOCK_SYMBOL;NO_FMP_FINANCIAL_SYMBOL","109080.KQ",""
"109610","에스와이","KOSDAQ","GENERAL","2015-12-29","false","NO_FMP_STOCK_SYMBOL","NO_FMP_STOCK_SYMBOL;NO_FMP_FINANCIAL_SYMBOL","109610.KQ",""
"109670","씨싸이트","KOSDAQ","GENERAL","2023-12-21","false","NO_FMP_STOCK_SYMBOL","NO_FMP_STOCK_SYMBOL;NO_FMP_FINANCIAL_SYMBOL","109670.KQ",""
"109740","디에스케이","KOSDAQ","GENERAL","2009-09-23","false","NO_FMP_STOCK_SYMBOL","NO_FMP_STOCK_SYMBOL;NO_FMP_FINANCIAL_SYMBOL","109740.KQ",""
"109820","진매트릭스","KOSDAQ","GENERAL","2009-11-06","false","NO_FMP_STOCK_SYMBOL","NO_FMP_STOCK_SYMBOL;NO_FMP_FINANCIAL_SYMBOL","109820.KQ",""
"109860","동일금속","KOSDAQ","GENERAL","2009-07-28","false","NO_FMP_STOCK_SYMBOL","NO_FMP_STOCK_SYMBOL;NO_FMP_FINANCIAL_SYMBOL","109860.KQ",""
"109960","앱토크롬","KOSDAQ","GENERAL","2009-11-13","false","NO_FMP_STOCK_SYMBOL","NO_FMP_STOCK_SYMBOL;NO_FMP_FINANCIAL_SYMBOL","109960.KQ",""
"110020","전진바이오팜","KOSDAQ","GENERAL","2018-12-14","false","NO_FMP_STOCK_SYMBOL","NO_FMP_STOCK_SYMBOL;NO_FMP_FINANCIAL_SYMBOL","110020.KQ",""
"110990","디아이티","KOSDAQ","GENERAL","2018-08-07","false","NO_FMP_STOCK_SYMBOL","NO_FMP_STOCK_SYMBOL;NO_FMP_FINANCIAL_SYMBOL","110990.KQ",""
"111710","남화산업","KOSDAQ","GENERAL","2018-11-29","false","NO_FMP_STOCK_SYMBOL","NO_FMP_STOCK_SYMBOL;NO_FMP_FINANCIAL_SYMBOL","111710.KQ",""
"112290","와이씨켐","KOSDAQ","GENERAL","2022-07-14","false","NO_FMP_STOCK_SYMBOL","NO_FMP_STOCK_SYMBOL;NO_FMP_FINANCIAL_SYMBOL","112290.KQ",""
"113810","디젠스","KOSDAQ","GENERAL","2012-11-22","false","NO_FMP_STOCK_SYMBOL","NO_FMP_STOCK_SYMBOL;NO_FMP_FINANCIAL_SYMBOL","113810.KQ",""
"114450","그린생명과학","KOSDAQ","GENERAL","2009-12-22","false","NO_FMP_STOCK_SYMBOL","NO_FMP_STOCK_SYMBOL;NO_FMP_FINANCIAL_SYMBOL","114450.KQ",""
"114630","폴라리스우노","KOSDAQ","GENERAL","2010-01-15","false","NO_FMP_STOCK_SYMBOL","NO_FMP_STOCK_SYMBOL;NO_FMP_FINANCIAL_SYMBOL","114630.KQ",""
"114810","한솔아이원스","KOSDAQ","GENERAL","2013-02-07","false","NO_FMP_STOCK_SYMBOL","NO_FMP_STOCK_SYMBOL;NO_FMP_FINANCIAL_SYMBOL","114810.KQ",""
"114840","아이패밀리에스씨","KOSDAQ","GENERAL","2021-10-28","false","NO_FMP_STOCK_SYMBOL","NO_FMP_STOCK_SYMBOL;NO_FMP_FINANCIAL_SYMBOL","114840.KQ",""
"115180","큐리언트","KOSDAQ","GENERAL","2016-02-29","false","NO_FMP_STOCK_SYMBOL","NO_FMP_STOCK_SYMBOL;NO_FMP_FINANCIAL_SYMBOL","115180.KQ",""
"115310","인포바인","KOSDAQ","GENERAL","2010-02-09","false","NO_FMP_STOCK_SYMBOL","NO_FMP_STOCK_SYMBOL;NO_FMP_FINANCIAL_SYMBOL","115310.KQ",""
"115440","우리넷","KOSDAQ","GENERAL","2010-01-27","false","NO_FMP_STOCK_SYMBOL","NO_FMP_STOCK_SYMBOL;NO_FMP_FINANCIAL_SYMBOL","115440.KQ",""
"115480","씨유메디칼","KOSDAQ","GENERAL","2011-12-15","false","NO_FMP_STOCK_SYMBOL","NO_FMP_STOCK_SYMBOL;NO_FMP_FINANCIAL_SYMBOL","115480.KQ",""
"115500","케이씨에스","KOSDAQ","GENERAL","2010-04-14","false","NO_FMP_STOCK_SYMBOL","NO_FMP_STOCK_SYMBOL;NO_FMP_FINANCIAL_SYMBOL","115500.KQ",""
"115530","씨엔플러스","KOSDAQ","GENERAL","2011-11-02","false","NO_FMP_STOCK_SYMBOL","NO_FMP_STOCK_SYMBOL;NO_FMP_FINANCIAL_SYMBOL","115530.KQ",""
"115570","스타플렉스","KOSDAQ","GENERAL","2010-01-27","false","NO_FMP_STOCK_SYMBOL","NO_FMP_STOCK_SYMBOL;NO_FMP_FINANCIAL_SYMBOL","115570.KQ",""
"115610","이미지스","KOSDAQ","GENERAL","2010-02-26","false","NO_FMP_STOCK_SYMBOL","NO_FMP_STOCK_SYMBOL;NO_FMP_FINANCIAL_SYMBOL","115610.KQ",""
"117670","알파칩스","KOSDAQ","GENERAL","2010-09-17","false","NO_FMP_STOCK_SYMBOL","NO_FMP_STOCK_SYMBOL;NO_FMP_FINANCIAL_SYMBOL","117670.KQ",""
"119500","포메탈","KOSDAQ","GENERAL","2010-09-17","false","NO_FMP_STOCK_SYMBOL","NO_FMP_STOCK_SYMBOL;NO_FMP_FINANCIAL_SYMBOL","119500.KQ",""
"119830","아이텍","KOSDAQ","GENERAL","2010-10-26","false","NO_FMP_STOCK_SYMBOL","NO_FMP_STOCK_SYMBOL;NO_FMP_FINANCIAL_SYMBOL","119830.KQ",""
"119850","지엔씨에너지","KOSDAQ","GENERAL","2013-10-02","false","NO_FMP_STOCK_SYMBOL","NO_FMP_STOCK_SYMBOL;NO_FMP_FINANCIAL_SYMBOL","119850.KQ",""
"120240","대정화금","KOSDAQ","GENERAL","2010-12-20","false","NO_FMP_STOCK_SYMBOL","NO_FMP_STOCK_SYMBOL;NO_FMP_FINANCIAL_SYMBOL","120240.KQ",""
"121440","골프존홀딩스","KOSDAQ","GENERAL","2011-05-20","false","NO_FMP_STOCK_SYMBOL","NO_FMP_STOCK_SYMBOL;NO_FMP_FINANCIAL_SYMBOL","121440.KQ",""
"121800","비덴트","KOSDAQ","GENERAL","2011-12-01","false","NO_FMP_STOCK_SYMBOL","NO_FMP_STOCK_SYMBOL;NO_FMP_FINANCIAL_SYMBOL","121800.KQ",""
"121850","코이즈","KOSDAQ","GENERAL","2012-09-27","false","NO_FMP_STOCK_SYMBOL","NO_FMP_STOCK_SYMBOL;NO_FMP_FINANCIAL_SYMBOL","121850.KQ",""
"121890","에스디시스템","KOSDAQ","GENERAL","2010-07-16","false","NO_FMP_STOCK_SYMBOL","NO_FMP_STOCK_SYMBOL;NO_FMP_FINANCIAL_SYMBOL","121890.KQ",""
"122310","제노레이","KOSDAQ","GENERAL","2018-05-28","false","NO_FMP_STOCK_SYMBOL","NO_FMP_STOCK_SYMBOL;NO_FMP_FINANCIAL_SYMBOL","122310.KQ",""
"122640","예스티","KOSDAQ","GENERAL","2015-12-16","false","NO_FMP_STOCK_SYMBOL","NO_FMP_STOCK_SYMBOL;NO_FMP_FINANCIAL_SYMBOL","122640.KQ",""
"122690","서진오토모티브","KOSDAQ","GENERAL","2010-05-25","false","NO_FMP_STOCK_SYMBOL","NO_FMP_STOCK_SYMBOL;NO_FMP_FINANCIAL_SYMBOL","122690.KQ",""
"123010","MSDI","KOSDAQ","GENERAL","2016-07-20","false","NO_FMP_STOCK_SYMBOL","NO_FMP_STOCK_SYMBOL;NO_FMP_FINANCIAL_SYMBOL","123010.KQ",""
"123040","엠에스오토텍","KOSDAQ","GENERAL","2010-08-06","false","NO_FMP_STOCK_SYMBOL","NO_FMP_STOCK_SYMBOL;NO_FMP_FINANCIAL_SYMBOL","123040.KQ",""
"123330","제닉","KOSDAQ","GENERAL","2011-08-03","false","NO_FMP_STOCK_SYMBOL","NO_FMP_STOCK_SYMBOL;NO_FMP_FINANCIAL_SYMBOL","123330.KQ",""
"123410","코리아에프티","KOSDAQ","GENERAL","2010-08-27","false","NO_FMP_STOCK_SYMBOL","NO_FMP_STOCK_SYMBOL;NO_FMP_FINANCIAL_SYMBOL","123410.KQ",""
"123420","위메이드플레이","KOSDAQ","GENERAL","2010-11-10","false","NO_FMP_STOCK_SYMBOL","NO_FMP_STOCK_SYMBOL;NO_FMP_FINANCIAL_SYMBOL","123420.KQ",""
"123570","이엠넷","KOSDAQ","GENERAL","2011-11-25","false","NO_FMP_STOCK_SYMBOL","NO_FMP_STOCK_SYMBOL;NO_FMP_FINANCIAL_SYMBOL","123570.KQ",""
"123750","알톤","KOSDAQ","GENERAL","2010-07-02","false","NO_FMP_STOCK_SYMBOL","NO_FMP_STOCK_SYMBOL;NO_FMP_FINANCIAL_SYMBOL","123750.KQ",""
"123840","뉴온","KOSDAQ","GENERAL","2010-10-05","false","NO_FMP_STOCK_SYMBOL","NO_FMP_STOCK_SYMBOL;NO_FMP_FINANCIAL_SYMBOL","123840.KQ",""
"123860","아나패스","KOSDAQ","GENERAL","2010-11-05","false","NO_FMP_STOCK_SYMBOL","NO_FMP_STOCK_SYMBOL;NO_FMP_FINANCIAL_SYMBOL","123860.KQ",""
"124500","아이티센글로벌","KOSDAQ","GENERAL","2014-12-23","false","NO_FMP_STOCK_SYMBOL","NO_FMP_STOCK_SYMBOL;NO_FMP_FINANCIAL_SYMBOL","124500.KQ",""
"124560","태웅로직스","KOSDAQ","GENERAL","2019-12-10","false","NO_FMP_STOCK_SYMBOL","NO_FMP_STOCK_SYMBOL;NO_FMP_FINANCIAL_SYMBOL","124560.KQ",""
"125020","티씨머티리얼즈","KOSDAQ","GENERAL","2025-05-15","false","NO_FMP_STOCK_SYMBOL","NO_FMP_STOCK_SYMBOL;NO_FMP_FINANCIAL_SYMBOL","125020.KQ",""
"125210","아모그린텍","KOSDAQ","GENERAL","2019-03-29","false","NO_FMP_STOCK_SYMBOL","NO_FMP_STOCK_SYMBOL;NO_FMP_FINANCIAL_SYMBOL","125210.KQ",""
"125490","한라캐스트","KOSDAQ","GENERAL","2025-08-20","false","NO_FMP_STOCK_SYMBOL","NO_FMP_STOCK_SYMBOL;NO_FMP_FINANCIAL_SYMBOL","125490.KQ",""
"126340","비나텍","KOSDAQ","GENERAL","2020-09-23","false","NO_FMP_STOCK_SYMBOL","NO_FMP_STOCK_SYMBOL;NO_FMP_FINANCIAL_SYMBOL","126340.KQ",""
"126600","BGF에코머티리얼즈","KOSDAQ","GENERAL","2010-11-12","false","NO_FMP_STOCK_SYMBOL","NO_FMP_STOCK_SYMBOL;NO_FMP_FINANCIAL_SYMBOL","126600.KQ",""
"126640","화신정공","KOSDAQ","GENERAL","2010-08-31","false","NO_FMP_STOCK_SYMBOL","NO_FMP_STOCK_SYMBOL;NO_FMP_FINANCIAL_SYMBOL","126640.KQ",""
"126700","하이비젼시스템","KOSDAQ","GENERAL","2010-09-10","false","NO_FMP_STOCK_SYMBOL","NO_FMP_STOCK_SYMBOL;NO_FMP_FINANCIAL_SYMBOL","126700.KQ",""
"126880","제이엔케이글로벌","KOSDAQ","GENERAL","2011-01-31","false","NO_FMP_STOCK_SYMBOL","NO_FMP_STOCK_SYMBOL;NO_FMP_FINANCIAL_SYMBOL","126880.KQ",""
"127120","제이에스링크","KOSDAQ","GENERAL","2011-12-26","false","NO_FMP_STOCK_SYMBOL","NO_FMP_STOCK_SYMBOL;NO_FMP_FINANCIAL_SYMBOL","127120.KQ",""
"127710","아시아경제","KOSDAQ","GENERAL","2015-07-31","false","NO_FMP_STOCK_SYMBOL","NO_FMP_STOCK_SYMBOL;NO_FMP_FINANCIAL_SYMBOL","127710.KQ",""
"127980","화인써키트","KOSDAQ","GENERAL","2023-02-17","false","NO_FMP_STOCK_SYMBOL","NO_FMP_STOCK_SYMBOL;NO_FMP_FINANCIAL_SYMBOL","127980.KQ",""
"128540","에코캡","KOSDAQ","GENERAL","2018-12-05","false","NO_FMP_STOCK_SYMBOL","NO_FMP_STOCK_SYMBOL;NO_FMP_FINANCIAL_SYMBOL","128540.KQ",""
"128660","피제이메탈","KOSDAQ","GENERAL","2010-12-13","false","NO_FMP_STOCK_SYMBOL","NO_FMP_STOCK_SYMBOL;NO_FMP_FINANCIAL_SYMBOL","128660.KQ",""
"129890","앱코","KOSDAQ","GENERAL","2020-12-02","false","NO_FMP_STOCK_SYMBOL","NO_FMP_STOCK_SYMBOL;NO_FMP_FINANCIAL_SYMBOL","129890.KQ",""
"129920","대성하이텍","KOSDAQ","GENERAL","2022-08-22","false","NO_FMP_STOCK_SYMBOL","NO_FMP_STOCK_SYMBOL;NO_FMP_FINANCIAL_SYMBOL","129920.KQ",""
"130500","GH신소재","KOSDAQ","GENERAL","2013-08-02","false","NO_FMP_STOCK_SYMBOL","NO_FMP_STOCK_SYMBOL;NO_FMP_FINANCIAL_SYMBOL","130500.KQ",""
"130580","나이스디앤비","KOSDAQ","GENERAL","2011-12-22","false","NO_FMP_STOCK_SYMBOL","NO_FMP_STOCK_SYMBOL;NO_FMP_FINANCIAL_SYMBOL","130580.KQ",""
"130740","티피씨글로벌","KOSDAQ","GENERAL","2011-02-08","false","NO_FMP_STOCK_SYMBOL","NO_FMP_STOCK_SYMBOL;NO_FMP_FINANCIAL_SYMBOL","130740.KQ",""
"131030","옵투스제약","KOSDAQ","GENERAL","2010-12-03","false","NO_FMP_STOCK_SYMBOL","NO_FMP_STOCK_SYMBOL;NO_FMP_FINANCIAL_SYMBOL","131030.KQ",""
"131100","티엔엔터테인먼트","KOSDAQ","GENERAL","2011-06-14","false","NO_FMP_STOCK_SYMBOL","NO_FMP_STOCK_SYMBOL;NO_FMP_FINANCIAL_SYMBOL","131100.KQ",""
"131180","딜리","KOSDAQ","GENERAL","2011-01-31","false","NO_FMP_STOCK_SYMBOL","NO_FMP_STOCK_SYMBOL;NO_FMP_FINANCIAL_SYMBOL","131180.KQ",""
"131220","대한과학","KOSDAQ","GENERAL","2011-10-11","false","NO_FMP_STOCK_SYMBOL","NO_FMP_STOCK_SYMBOL;NO_FMP_FINANCIAL_SYMBOL","131220.KQ",""
"131290","티에스이","KOSDAQ","GENERAL","2011-01-05","false","NO_FMP_STOCK_SYMBOL","NO_FMP_STOCK_SYMBOL;NO_FMP_FINANCIAL_SYMBOL","131290.KQ",""
"131400","이브이첨단소재","KOSDAQ","GENERAL","2010-12-27","false","NO_FMP_STOCK_SYMBOL","NO_FMP_STOCK_SYMBOL;NO_FMP_FINANCIAL_SYMBOL","131400.KQ",""
"131760","파인텍","KOSDAQ","GENERAL","2015-08-17","false","NO_FMP_STOCK_SYMBOL","NO_FMP_STOCK_SYMBOL;NO_FMP_FINANCIAL_SYMBOL","131760.KQ",""
"133750","메가엠디","KOSDAQ","GENERAL","2015-12-18","false","NO_FMP_STOCK_SYMBOL","NO_FMP_STOCK_SYMBOL;NO_FMP_FINANCIAL_SYMBOL","133750.KQ",""
"134060","이퓨쳐","KOSDAQ","GENERAL","2011-04-27","false","NO_FMP_STOCK_SYMBOL","NO_FMP_STOCK_SYMBOL;NO_FMP_FINANCIAL_SYMBOL","134060.KQ",""
"136150","원일티엔아이","KOSDAQ","GENERAL","2025-05-09","false","NO_FMP_STOCK_SYMBOL","NO_FMP_STOCK_SYMBOL;NO_FMP_FINANCIAL_SYMBOL","136150.KQ",""
"136410","아셈스","KOSDAQ","GENERAL","2022-02-07","false","NO_FMP_STOCK_SYMBOL","NO_FMP_STOCK_SYMBOL;NO_FMP_FINANCIAL_SYMBOL","136410.KQ",""
"136480","하림","KOSDAQ","GENERAL","2011-05-02","false","NO_FMP_STOCK_SYMBOL","NO_FMP_STOCK_SYMBOL;NO_FMP_FINANCIAL_SYMBOL","136480.KQ",""
"136540","윈스테크넷","KOSDAQ","GENERAL","2011-05-02","false","NO_FMP_STOCK_SYMBOL","NO_FMP_STOCK_SYMBOL;NO_FMP_FINANCIAL_SYMBOL","136540.KQ",""
"137080","나래나노텍","KOSDAQ","GENERAL","2022-02-08","false","NO_FMP_STOCK_SYMBOL","NO_FMP_STOCK_SYMBOL;NO_FMP_FINANCIAL_SYMBOL","137080.KQ",""
"137940","넥스트아이","KOSDAQ","GENERAL","2011-06-14","false","NO_FMP_STOCK_SYMBOL","NO_FMP_STOCK_SYMBOL;NO_FMP_FINANCIAL_SYMBOL","137940.KQ",""
"137950","제이씨케미칼","KOSDAQ","GENERAL","2011-08-08","false","NO_FMP_STOCK_SYMBOL","NO_FMP_STOCK_SYMBOL;NO_FMP_FINANCIAL_SYMBOL","137950.KQ",""
"138070","신진에스엠","KOSDAQ","GENERAL","2011-11-28","false","NO_FMP_STOCK_SYMBOL","NO_FMP_STOCK_SYMBOL;NO_FMP_FINANCIAL_SYMBOL","138070.KQ",""
"138080","오이솔루션","KOSDAQ","GENERAL","2014-02-27","false","NO_FMP_STOCK_SYMBOL","NO_FMP_STOCK_SYMBOL;NO_FMP_FINANCIAL_SYMBOL","138080.KQ",""
"138360","앤로보틱스","KOSDAQ","GENERAL","2013-11-08","false","NO_FMP_STOCK_SYMBOL","NO_FMP_STOCK_SYMBOL;NO_FMP_FINANCIAL_SYMBOL","138360.KQ",""
"138610","나이벡","KOSDAQ","GENERAL","2011-07-13","false","NO_FMP_STOCK_SYMBOL","NO_FMP_STOCK_SYMBOL;NO_FMP_FINANCIAL_SYMBOL","138610.KQ",""
"139670","키네마스터","KOSDAQ","GENERAL","2011-12-02","false","NO_FMP_STOCK_SYMBOL","NO_FMP_STOCK_SYMBOL;NO_FMP_FINANCIAL_SYMBOL","139670.KQ",""
"140070","서플러스글로벌","KOSDAQ","GENERAL","2017-01-25","false","NO_FMP_STOCK_SYMBOL","NO_FMP_STOCK_SYMBOL;NO_FMP_FINANCIAL_SYMBOL","140070.KQ",""
"140430","카티스","KOSDAQ","GENERAL","2024-05-03","false","NO_FMP_STOCK_SYMBOL","NO_FMP_STOCK_SYMBOL;NO_FMP_FINANCIAL_SYMBOL","140430.KQ",""
"140520","대창스틸","KOSDAQ","GENERAL","2014-12-05","false","NO_FMP_STOCK_SYMBOL","NO_FMP_STOCK_SYMBOL;NO_FMP_FINANCIAL_SYMBOL","140520.KQ",""
"140670","알에스오토메이션","KOSDAQ","GENERAL","2017-08-11","false","NO_FMP_STOCK_SYMBOL","NO_FMP_STOCK_SYMBOL;NO_FMP_FINANCIAL_SYMBOL","140670.KQ",""
"141000","비아트론","KOSDAQ","GENERAL","2012-05-04","false","NO_FMP_STOCK_SYMBOL","NO_FMP_STOCK_SYMBOL;NO_FMP_FINANCIAL_SYMBOL","141000.KQ",""
"142210","유니트론텍","KOSDAQ","GENERAL","2016-02-02","false","NO_FMP_STOCK_SYMBOL","NO_FMP_STOCK_SYMBOL;NO_FMP_FINANCIAL_SYMBOL","142210.KQ",""
"142280","녹십자엠에스","KOSDAQ","GENERAL","2014-12-17","false","NO_FMP_STOCK_SYMBOL","NO_FMP_STOCK_SYMBOL;NO_FMP_FINANCIAL_SYMBOL","142280.KQ",""
"142760","모아라이프플러스","KOSDAQ","GENERAL","2016-07-07","false","NO_FMP_STOCK_SYMBOL","NO_FMP_STOCK_SYMBOL;NO_FMP_FINANCIAL_SYMBOL","142760.KQ",""
"143160","아이디스","KOSDAQ","GENERAL","2011-09-26","false","NO_FMP_STOCK_SYMBOL","NO_FMP_STOCK_SYMBOL;NO_FMP_FINANCIAL_SYMBOL","143160.KQ",""
"143240","사람인","KOSDAQ","GENERAL","2012-02-21","false","NO_FMP_STOCK_SYMBOL","NO_FMP_STOCK_SYMBOL;NO_FMP_FINANCIAL_SYMBOL","143240.KQ",""
"143540","영우디에스피","KOSDAQ","GENERAL","2014-10-29","false","NO_FMP_STOCK_SYMBOL","NO_FMP_STOCK_SYMBOL;NO_FMP_FINANCIAL_SYMBOL","143540.KQ",""
"144960","뉴파워프라즈마","KOSDAQ","GENERAL","2016-11-30","false","NO_FMP_STOCK_SYMBOL","NO_FMP_STOCK_SYMBOL;NO_FMP_FINANCIAL_SYMBOL","144960.KQ",""
"146060","율촌","KOSDAQ","GENERAL","2023-09-08","false","NO_FMP_STOCK_SYMBOL","NO_FMP_STOCK_SYMBOL;NO_FMP_FINANCIAL_SYMBOL","146060.KQ",""
"146320","비씨엔씨","KOSDAQ","GENERAL","2022-03-03","false","NO_FMP_STOCK_SYMBOL","NO_FMP_STOCK_SYMBOL;NO_FMP_FINANCIAL_SYMBOL","146320.KQ",""
"147760","피엠티","KOSDAQ","GENERAL","2016-12-12","false","NO_FMP_STOCK_SYMBOL","NO_FMP_STOCK_SYMBOL;NO_FMP_FINANCIAL_SYMBOL","147760.KQ",""
"147830","제룡산업","KOSDAQ","GENERAL","2012-02-13","false","NO_FMP_STOCK_SYMBOL","NO_FMP_STOCK_SYMBOL;NO_FMP_FINANCIAL_SYMBOL","147830.KQ",""
"148150","세경하이테크","KOSDAQ","GENERAL","2019-07-30","false","NO_FMP_STOCK_SYMBOL","NO_FMP_STOCK_SYMBOL;NO_FMP_FINANCIAL_SYMBOL","148150.KQ",""
"148780","비큐AI","KOSDAQ","GENERAL","2022-06-20","false","NO_FMP_STOCK_SYMBOL","NO_FMP_STOCK_SYMBOL;NO_FMP_FINANCIAL_SYMBOL","148780.KQ",""
"148930","에이치와이티씨","KOSDAQ","GENERAL","2022-08-09","false","NO_FMP_STOCK_SYMBOL","NO_FMP_STOCK_SYMBOL;NO_FMP_FINANCIAL_SYMBOL","148930.KQ",""
"149950","아바텍","KOSDAQ","GENERAL","2012-11-06","false","NO_FMP_STOCK_SYMBOL","NO_FMP_STOCK_SYMBOL;NO_FMP_FINANCIAL_SYMBOL","149950.KQ",""
"149980","하이로닉","KOSDAQ","GENERAL","2014-12-17","false","NO_FMP_STOCK_SYMBOL","NO_FMP_STOCK_SYMBOL;NO_FMP_FINANCIAL_SYMBOL","149980.KQ",""
"150900","파수AI","KOSDAQ","GENERAL","2013-10-18","false","NO_FMP_STOCK_SYMBOL","NO_FMP_STOCK_SYMBOL;NO_FMP_FINANCIAL_SYMBOL","150900.KQ",""
"153460","네이블","KOSDAQ","GENERAL","2012-07-19","false","NO_FMP_STOCK_SYMBOL","NO_FMP_STOCK_SYMBOL;NO_FMP_FINANCIAL_SYMBOL","153460.KQ",""
"153490","우리이앤엘하루틴","KOSDAQ","GENERAL","2013-02-05","false","NO_FMP_STOCK_SYMBOL","NO_FMP_STOCK_SYMBOL;NO_FMP_FINANCIAL_SYMBOL","153490.KQ",""
"153710","옵티팜","KOSDAQ","GENERAL","2018-10-26","false","NO_FMP_STOCK_SYMBOL","NO_FMP_STOCK_SYMBOL;NO_FMP_FINANCIAL_SYMBOL","153710.KQ",""
"153890","져스텍","KOSDAQ","GENERAL","2026-06-29","true","NO_FMP_STOCK_SYMBOL","NO_FMP_STOCK_SYMBOL;NO_FMP_FINANCIAL_SYMBOL","153890.KQ",""
"154030","아시아종묘","KOSDAQ","GENERAL","2018-02-12","false","NO_FMP_STOCK_SYMBOL","NO_FMP_STOCK_SYMBOL;NO_FMP_FINANCIAL_SYMBOL","154030.KQ",""
"154040","다산솔루에타","KOSDAQ","GENERAL","2013-12-27","false","NO_FMP_STOCK_SYMBOL","NO_FMP_STOCK_SYMBOL;NO_FMP_FINANCIAL_SYMBOL","154040.KQ",""
"155650","와이엠씨","KOSDAQ","GENERAL","2012-11-15","false","NO_FMP_STOCK_SYMBOL","NO_FMP_STOCK_SYMBOL;NO_FMP_FINANCIAL_SYMBOL","155650.KQ",""
"156100","엘앤케이바이오","KOSDAQ","GENERAL","2016-11-30","false","NO_FMP_STOCK_SYMBOL","NO_FMP_STOCK_SYMBOL;NO_FMP_FINANCIAL_SYMBOL","156100.KQ",""
"159010","아스플로","KOSDAQ","GENERAL","2021-10-07","false","NO_FMP_STOCK_SYMBOL","NO_FMP_STOCK_SYMBOL;NO_FMP_FINANCIAL_SYMBOL","159010.KQ",""
"159910","에코글로우","KOSDAQ","GENERAL","2012-12-27","false","NO_FMP_STOCK_SYMBOL","NO_FMP_STOCK_SYMBOL;NO_FMP_FINANCIAL_SYMBOL","159910.KQ",""
"160190","하이젠알앤엠","KOSDAQ","GENERAL","2024-06-27","false","QUARTERLY_HISTORY_LT_3Y","QUARTERLY_HISTORY_LT_3Y","160190.KQ","160190.KQ"
"160550","NEW","KOSDAQ","GENERAL","2014-12-23","false","NO_FMP_STOCK_SYMBOL","NO_FMP_STOCK_SYMBOL;NO_FMP_FINANCIAL_SYMBOL","160550.KQ",""
"160980","싸이맥스","KOSDAQ","GENERAL","2015-06-17","false","NO_FMP_STOCK_SYMBOL","NO_FMP_STOCK_SYMBOL;NO_FMP_FINANCIAL_SYMBOL","160980.KQ",""
"161580","필옵틱스","KOSDAQ","GENERAL","2017-06-01","false","NO_FMP_STOCK_SYMBOL","NO_FMP_STOCK_SYMBOL;NO_FMP_FINANCIAL_SYMBOL","161580.KQ",""
"162300","신스틸","KOSDAQ","GENERAL","2022-12-23","false","NO_FMP_STOCK_SYMBOL","NO_FMP_STOCK_SYMBOL;NO_FMP_FINANCIAL_SYMBOL","162300.KQ",""
"163280","에어레인","KOSDAQ","GENERAL","2024-11-08","false","NO_FMP_STOCK_SYMBOL","NO_FMP_STOCK_SYMBOL;NO_FMP_FINANCIAL_SYMBOL","163280.KQ",""
"166480","코아스템켐온","KOSDAQ","GENERAL","2015-06-26","false","NO_FMP_STOCK_SYMBOL","NO_FMP_STOCK_SYMBOL;NO_FMP_FINANCIAL_SYMBOL","166480.KQ",""
"168330","내츄럴엔도텍","KOSDAQ","GENERAL","2013-10-31","false","NO_FMP_STOCK_SYMBOL","NO_FMP_STOCK_SYMBOL;NO_FMP_FINANCIAL_SYMBOL","168330.KQ",""
"168360","펨트론","KOSDAQ","GENERAL","2022-11-24","false","NO_FMP_STOCK_SYMBOL","NO_FMP_STOCK_SYMBOL;NO_FMP_FINANCIAL_SYMBOL","168360.KQ",""
"169330","엠브레인","KOSDAQ","GENERAL","2020-07-01","false","NO_FMP_STOCK_SYMBOL","NO_FMP_STOCK_SYMBOL;NO_FMP_FINANCIAL_SYMBOL","169330.KQ",""
"170030","현대공업","KOSDAQ","GENERAL","2013-12-04","false","NO_FMP_STOCK_SYMBOL","NO_FMP_STOCK_SYMBOL;NO_FMP_FINANCIAL_SYMBOL","170030.KQ",""
"170790","파이오링크","KOSDAQ","GENERAL","2013-08-01","false","NO_FMP_STOCK_SYMBOL","NO_FMP_STOCK_SYMBOL;NO_FMP_FINANCIAL_SYMBOL","170790.KQ",""
"170920","엘티씨","KOSDAQ","GENERAL","2013-10-08","false","NO_FMP_STOCK_SYMBOL","NO_FMP_STOCK_SYMBOL;NO_FMP_FINANCIAL_SYMBOL","170920.KQ",""
"171010","램테크놀러지","KOSDAQ","GENERAL","2013-11-18","false","NO_FMP_STOCK_SYMBOL","NO_FMP_STOCK_SYMBOL;NO_FMP_FINANCIAL_SYMBOL","171010.KQ",""
"171090","선익시스템","KOSDAQ","GENERAL","2017-09-20","false","NO_FMP_STOCK_SYMBOL","NO_FMP_STOCK_SYMBOL;NO_FMP_FINANCIAL_SYMBOL","171090.KQ",""
"171120","라이온켐텍","KOSDAQ","GENERAL","2013-11-19","false","NO_FMP_STOCK_SYMBOL","NO_FMP_STOCK_SYMBOL;NO_FMP_FINANCIAL_SYMBOL","171120.KQ",""
"172670","에이엘티","KOSDAQ","GENERAL","2023-07-27","false","NO_FMP_STOCK_SYMBOL","NO_FMP_STOCK_SYMBOL;NO_FMP_FINANCIAL_SYMBOL","172670.KQ",""
"173130","오파스넷","KOSDAQ","GENERAL","2018-08-24","false","NO_FMP_STOCK_SYMBOL","NO_FMP_STOCK_SYMBOL;NO_FMP_FINANCIAL_SYMBOL","173130.KQ",""
"173940","에프엔씨엔터","KOSDAQ","GENERAL","2014-12-04","false","NO_FMP_STOCK_SYMBOL","NO_FMP_STOCK_SYMBOL;NO_FMP_FINANCIAL_SYMBOL","173940.KQ",""
"175140","아고스","KOSDAQ","GENERAL","2015-09-23","false","NO_FMP_STOCK_SYMBOL","NO_FMP_STOCK_SYMBOL;NO_FMP_FINANCIAL_SYMBOL","175140.KQ",""
"175250","아이큐어","KOSDAQ","GENERAL","2018-07-12","false","NO_FMP_STOCK_SYMBOL","NO_FMP_STOCK_SYMBOL;NO_FMP_FINANCIAL_SYMBOL","175250.KQ",""
"176750","듀켐바이오","KOSDAQ","GENERAL","2024-12-20","false","NO_FMP_STOCK_SYMBOL","NO_FMP_STOCK_SYMBOL;NO_FMP_FINANCIAL_SYMBOL","176750.KQ",""
"177350","베셀","KOSDAQ","GENERAL","2015-06-19","false","NO_FMP_STOCK_SYMBOL","NO_FMP_STOCK_SYMBOL;NO_FMP_FINANCIAL_SYMBOL","177350.KQ",""
"177830","파버나인","KOSDAQ","GENERAL","2014-08-04","false","NO_FMP_STOCK_SYMBOL","NO_FMP_STOCK_SYMBOL;NO_FMP_FINANCIAL_SYMBOL","177830.KQ",""
"177900","쓰리에이로직스","KOSDAQ","GENERAL","2024-12-24","false","NO_FMP_STOCK_SYMBOL","NO_FMP_STOCK_SYMBOL;NO_FMP_FINANCIAL_SYMBOL","177900.KQ",""
"178780","일월지엠엘","KOSDAQ","GENERAL","2015-06-30","false","NO_FMP_STOCK_SYMBOL","NO_FMP_STOCK_SYMBOL;NO_FMP_FINANCIAL_SYMBOL","178780.KQ",""
"179290","엠아이텍","KOSDAQ","GENERAL","2018-11-29","false","NO_FMP_STOCK_SYMBOL","NO_FMP_STOCK_SYMBOL;NO_FMP_FINANCIAL_SYMBOL","179290.KQ",""
"179530","애드바이오텍","KOSDAQ","GENERAL","2022-01-24","false","NO_FMP_STOCK_SYMBOL","NO_FMP_STOCK_SYMBOL;NO_FMP_FINANCIAL_SYMBOL","179530.KQ",""
"180400","DXVX","KOSDAQ","GENERAL","2015-11-20","false","NO_FMP_STOCK_SYMBOL","NO_FMP_STOCK_SYMBOL;NO_FMP_FINANCIAL_SYMBOL","180400.KQ",""
"182360","큐브엔터","KOSDAQ","GENERAL","2013-11-21","false","NO_FMP_STOCK_SYMBOL","NO_FMP_STOCK_SYMBOL;NO_FMP_FINANCIAL_SYMBOL","182360.KQ",""
"182400","엔케이젠바이오텍코리아","KOSDAQ","GENERAL","2015-10-23","false","NO_FMP_FINANCIAL_SYMBOL","NO_FMP_FINANCIAL_SYMBOL","182400.KQ","182400.KQ"
"184230","SGA솔루션즈","KOSDAQ","GENERAL","2013-12-20","false","NO_FMP_STOCK_SYMBOL","NO_FMP_STOCK_SYMBOL;NO_FMP_FINANCIAL_SYMBOL","184230.KQ",""
"185490","아이진","KOSDAQ","GENERAL","2015-11-16","false","NO_FMP_STOCK_SYMBOL","NO_FMP_STOCK_SYMBOL;NO_FMP_FINANCIAL_SYMBOL","185490.KQ",""
"186230","그린플러스","KOSDAQ","GENERAL","2019-08-07","false","NO_FMP_STOCK_SYMBOL","NO_FMP_STOCK_SYMBOL;NO_FMP_FINANCIAL_SYMBOL","186230.KQ",""
"187220","디티앤씨","KOSDAQ","GENERAL","2014-12-17","false","NO_FMP_STOCK_SYMBOL","NO_FMP_STOCK_SYMBOL;NO_FMP_FINANCIAL_SYMBOL","187220.KQ",""
"187270","신화콘텍","KOSDAQ","GENERAL","2014-08-08","false","NO_FMP_STOCK_SYMBOL","NO_FMP_STOCK_SYMBOL;NO_FMP_FINANCIAL_SYMBOL","187270.KQ",""
"187420","HLB제넥스","KOSDAQ","GENERAL","2015-05-29","false","NO_FMP_STOCK_SYMBOL","NO_FMP_STOCK_SYMBOL;NO_FMP_FINANCIAL_SYMBOL","187420.KQ",""
"187660","페니트리움바이오","KOSDAQ","GENERAL","2021-06-03","false","NO_FMP_STOCK_SYMBOL","NO_FMP_STOCK_SYMBOL;NO_FMP_FINANCIAL_SYMBOL","187660.KQ",""
"187790","나노","KOSDAQ","GENERAL","2014-05-08","false","NO_FMP_STOCK_SYMBOL","NO_FMP_STOCK_SYMBOL;NO_FMP_FINANCIAL_SYMBOL","187790.KQ",""
"187870","디바이스","KOSDAQ","GENERAL","2017-12-20","false","NO_FMP_STOCK_SYMBOL","NO_FMP_STOCK_SYMBOL;NO_FMP_FINANCIAL_SYMBOL","187870.KQ",""
"188040","바이오포트","KOSDAQ","GENERAL","2025-05-16","false","NO_FMP_STOCK_SYMBOL","NO_FMP_STOCK_SYMBOL;NO_FMP_FINANCIAL_SYMBOL","188040.KQ",""
"188260","세니젠","KOSDAQ","GENERAL","2023-11-03","false","NO_FMP_STOCK_SYMBOL","NO_FMP_STOCK_SYMBOL;NO_FMP_FINANCIAL_SYMBOL","188260.KQ",""
"189330","씨이랩","KOSDAQ","GENERAL","2021-02-24","false","NO_FMP_STOCK_SYMBOL","NO_FMP_STOCK_SYMBOL;NO_FMP_FINANCIAL_SYMBOL","189330.KQ",""
"189690","포시에스","KOSDAQ","GENERAL","2015-02-11","false","NO_FMP_STOCK_SYMBOL","NO_FMP_STOCK_SYMBOL;NO_FMP_FINANCIAL_SYMBOL","189690.KQ",""
"189980","흥국에프엔비","KOSDAQ","GENERAL","2015-08-07","false","NO_FMP_STOCK_SYMBOL","NO_FMP_STOCK_SYMBOL;NO_FMP_FINANCIAL_SYMBOL","189980.KQ",""
"190510","나무가","KOSDAQ","GENERAL","2015-11-12","false","NO_FMP_STOCK_SYMBOL","NO_FMP_STOCK_SYMBOL;NO_FMP_FINANCIAL_SYMBOL","190510.KQ",""
"190650","코리아에셋투자증권","KOSDAQ","GENERAL","2019-11-20","false","NO_FMP_STOCK_SYMBOL","NO_FMP_STOCK_SYMBOL;NO_FMP_FINANCIAL_SYMBOL","190650.KQ",""
"191410","육일씨엔에쓰","KOSDAQ","GENERAL","2015-12-24","false","NO_FMP_STOCK_SYMBOL","NO_FMP_STOCK_SYMBOL;NO_FMP_FINANCIAL_SYMBOL","191410.KQ",""
"191420","테고사이언스","KOSDAQ","GENERAL","2014-11-06","false","NO_FMP_STOCK_SYMBOL","NO_FMP_STOCK_SYMBOL;NO_FMP_FINANCIAL_SYMBOL","191420.KQ",""
"192250","케이사인","KOSDAQ","GENERAL","2014-04-28","false","NO_FMP_STOCK_SYMBOL","NO_FMP_STOCK_SYMBOL;NO_FMP_FINANCIAL_SYMBOL","192250.KQ",""
"192390","윈하이텍","KOSDAQ","GENERAL","2014-07-25","false","NO_FMP_STOCK_SYMBOL","NO_FMP_STOCK_SYMBOL;NO_FMP_FINANCIAL_SYMBOL","192390.KQ",""
"192410","오늘이엔엠","KOSDAQ","GENERAL","2014-08-14","false","NO_FMP_STOCK_SYMBOL","NO_FMP_STOCK_SYMBOL;NO_FMP_FINANCIAL_SYMBOL","192410.KQ",""
"192440","슈피겐코리아","KOSDAQ","GENERAL","2014-11-05","false","NO_FMP_STOCK_SYMBOL","NO_FMP_STOCK_SYMBOL;NO_FMP_FINANCIAL_SYMBOL","192440.KQ",""
"193250","링크드","KOSDAQ","GENERAL","2014-12-29","false","NO_FMP_STOCK_SYMBOL","NO_FMP_STOCK_SYMBOL;NO_FMP_FINANCIAL_SYMBOL","193250.KQ",""
"194700","노바렉스","KOSDAQ","GENERAL","2018-11-14","false","NO_FMP_STOCK_SYMBOL","NO_FMP_STOCK_SYMBOL;NO_FMP_FINANCIAL_SYMBOL","194700.KQ",""
"195500","마니커에프앤지","KOSDAQ","GENERAL","2019-08-20","false","NO_FMP_STOCK_SYMBOL","NO_FMP_STOCK_SYMBOL;NO_FMP_FINANCIAL_SYMBOL","195500.KQ",""
"195990","루트K","KOSDAQ","GENERAL","2015-04-13","false","NO_FMP_STOCK_SYMBOL","NO_FMP_STOCK_SYMBOL;NO_FMP_FINANCIAL_SYMBOL","195990.KQ",""
"196300","HLB펩","KOSDAQ","GENERAL","2016-12-07","false","NO_FMP_STOCK_SYMBOL","NO_FMP_STOCK_SYMBOL;NO_FMP_FINANCIAL_SYMBOL","196300.KQ",""
"196450","코아시아씨엠","KOSDAQ","GENERAL","2014-06-02","false","NO_FMP_STOCK_SYMBOL","NO_FMP_STOCK_SYMBOL;NO_FMP_FINANCIAL_SYMBOL","196450.KQ",""
"196490","디에이테크놀로지","KOSDAQ","GENERAL","2014-11-19","false","NO_FMP_STOCK_SYMBOL","NO_FMP_STOCK_SYMBOL;NO_FMP_FINANCIAL_SYMBOL","196490.KQ",""
"196700","웹스","KOSDAQ","GENERAL","2015-08-24","false","NO_FMP_STOCK_SYMBOL","NO_FMP_STOCK_SYMBOL;NO_FMP_FINANCIAL_SYMBOL","196700.KQ",""
"197140","디지캡","KOSDAQ","GENERAL","2018-09-07","false","NO_FMP_STOCK_SYMBOL","NO_FMP_STOCK_SYMBOL;NO_FMP_FINANCIAL_SYMBOL","197140.KQ",""
"198080","캐프","KOSDAQ","GENERAL","2020-03-16","false","NO_FMP_STOCK_SYMBOL","NO_FMP_STOCK_SYMBOL;NO_FMP_FINANCIAL_SYMBOL","198080.KQ",""
"198440","강동씨앤엘","KOSDAQ","GENERAL","2014-08-13","false","NO_FMP_STOCK_SYMBOL","NO_FMP_STOCK_SYMBOL;NO_FMP_FINANCIAL_SYMBOL","198440.KQ",""
"198940","한주라이트메탈","KOSDAQ","GENERAL","2023-01-19","false","NO_FMP_STOCK_SYMBOL","NO_FMP_STOCK_SYMBOL;NO_FMP_FINANCIAL_SYMBOL","198940.KQ",""
"199480","뱅크웨어글로벌","KOSDAQ","GENERAL","2024-08-12","false","QUARTERLY_HISTORY_LT_3Y","QUARTERLY_HISTORY_LT_3Y","199480.KQ","199480.KQ"
"199550","레이저옵텍","KOSDAQ","GENERAL","2024-02-01","false","NO_FMP_STOCK_SYMBOL","NO_FMP_STOCK_SYMBOL;NO_FMP_FINANCIAL_SYMBOL","199550.KQ",""
"199730","바이오인프라","KOSDAQ","GENERAL","2023-03-02","false","NO_FMP_STOCK_SYMBOL","NO_FMP_STOCK_SYMBOL;NO_FMP_FINANCIAL_SYMBOL","199730.KQ",""
"199820","제일일렉트릭","KOSDAQ","GENERAL","2020-11-26","false","NO_FMP_STOCK_SYMBOL","NO_FMP_STOCK_SYMBOL;NO_FMP_FINANCIAL_SYMBOL","199820.KQ",""
"200350","아티스트스튜디오","KOSDAQ","GENERAL","2021-12-30","false","NO_FMP_STOCK_SYMBOL","NO_FMP_STOCK_SYMBOL;NO_FMP_FINANCIAL_SYMBOL","200350.KQ",""
"200470","에이팩트","KOSDAQ","GENERAL","2014-12-26","false","NO_FMP_STOCK_SYMBOL","NO_FMP_STOCK_SYMBOL;NO_FMP_FINANCIAL_SYMBOL","200470.KQ",""
"201490","미투온","KOSDAQ","GENERAL","2016-10-10","false","NO_FMP_STOCK_SYMBOL","NO_FMP_STOCK_SYMBOL;NO_FMP_FINANCIAL_SYMBOL","201490.KQ",""
"203400","에이비온","KOSDAQ","GENERAL","2021-09-08","false","NO_FMP_STOCK_SYMBOL","NO_FMP_STOCK_SYMBOL;NO_FMP_FINANCIAL_SYMBOL","203400.KQ",""
"203650","드림시큐리티","KOSDAQ","GENERAL","2014-10-13","false","NO_FMP_STOCK_SYMBOL","NO_FMP_STOCK_SYMBOL;NO_FMP_FINANCIAL_SYMBOL","203650.KQ",""
"204020","그리티","KOSDAQ","GENERAL","2018-07-23","false","NO_FMP_STOCK_SYMBOL","NO_FMP_STOCK_SYMBOL;NO_FMP_FINANCIAL_SYMBOL","204020.KQ",""
"204610","티쓰리","KOSDAQ","GENERAL","2022-11-17","false","NO_FMP_STOCK_SYMBOL","NO_FMP_STOCK_SYMBOL;NO_FMP_FINANCIAL_SYMBOL","204610.KQ",""
"204620","글로벌텍스프리","KOSDAQ","GENERAL","2014-11-19","false","NO_FMP_STOCK_SYMBOL","NO_FMP_STOCK_SYMBOL;NO_FMP_FINANCIAL_SYMBOL","204620.KQ",""
"204840","지엘팜텍","KOSDAQ","GENERAL","2014-11-20","false","NO_FMP_STOCK_SYMBOL","NO_FMP_STOCK_SYMBOL;NO_FMP_FINANCIAL_SYMBOL","204840.KQ",""
"205100","엑셈","KOSDAQ","GENERAL","2014-11-07","false","NO_FMP_STOCK_SYMBOL","NO_FMP_STOCK_SYMBOL;NO_FMP_FINANCIAL_SYMBOL","205100.KQ",""
"205500","넥써쓰","KOSDAQ","GENERAL","2014-11-12","false","NO_FMP_STOCK_SYMBOL","NO_FMP_STOCK_SYMBOL;NO_FMP_FINANCIAL_SYMBOL","205500.KQ",""
"206400","베노티앤알","KOSDAQ","GENERAL","2014-12-10","false","NO_FMP_STOCK_SYMBOL","NO_FMP_STOCK_SYMBOL;NO_FMP_FINANCIAL_SYMBOL","206400.KQ",""
"207760","미스터블루","KOSDAQ","GENERAL","2014-12-12","false","NO_FMP_STOCK_SYMBOL","NO_FMP_STOCK_SYMBOL;NO_FMP_FINANCIAL_SYMBOL","207760.KQ",""
"208350","지란지교시큐리티","KOSDAQ","GENERAL","2014-12-24","false","NO_FMP_STOCK_SYMBOL","NO_FMP_STOCK_SYMBOL;NO_FMP_FINANCIAL_SYMBOL","208350.KQ",""
"208370","셀바스헬스케어","KOSDAQ","GENERAL","2014-12-17","false","NO_FMP_STOCK_SYMBOL","NO_FMP_STOCK_SYMBOL;NO_FMP_FINANCIAL_SYMBOL","208370.KQ",""
"208640","썸에이지","KOSDAQ","GENERAL","2014-12-29","false","NO_FMP_STOCK_SYMBOL","NO_FMP_STOCK_SYMBOL;NO_FMP_FINANCIAL_SYMBOL","208640.KQ",""
"208710","포톤","KOSDAQ","GENERAL","2014-12-24","false","NO_FMP_STOCK_SYMBOL","NO_FMP_STOCK_SYMBOL;NO_FMP_FINANCIAL_SYMBOL","208710.KQ",""
"208860","다산디엠씨","KOSDAQ","GENERAL","2016-07-28","false","NO_FMP_STOCK_SYMBOL","NO_FMP_STOCK_SYMBOL;NO_FMP_FINANCIAL_SYMBOL","208860.KQ",""
"209640","와이제이링크","KOSDAQ","GENERAL","2024-10-18","false","NO_FMP_STOCK_SYMBOL","NO_FMP_STOCK_SYMBOL;NO_FMP_FINANCIAL_SYMBOL","209640.KQ",""
"210120","캔버스엔","KOSDAQ","GENERAL","2023-08-17","false","NO_FMP_STOCK_SYMBOL","NO_FMP_STOCK_SYMBOL;NO_FMP_FINANCIAL_SYMBOL","210120.KQ",""
"211050","인카금융서비스","KOSDAQ","GENERAL","2022-02-16","false","NO_FMP_STOCK_SYMBOL","NO_FMP_STOCK_SYMBOL;NO_FMP_FINANCIAL_SYMBOL","211050.KQ",""
"211270","AP위성","KOSDAQ","GENERAL","2016-03-04","false","NO_FMP_STOCK_SYMBOL","NO_FMP_STOCK_SYMBOL;NO_FMP_FINANCIAL_SYMBOL","211270.KQ",""
"212560","네오오토","KOSDAQ","GENERAL","2015-11-18","false","NO_FMP_STOCK_SYMBOL","NO_FMP_STOCK_SYMBOL;NO_FMP_FINANCIAL_SYMBOL","212560.KQ",""
"212710","아이에스티이","KOSDAQ","GENERAL","2025-02-12","false","NO_FMP_FINANCIAL_SYMBOL","NO_FMP_FINANCIAL_SYMBOL","212710.KQ","212710.KQ"
"214260","라파스","KOSDAQ","GENERAL","2019-11-11","false","NO_FMP_STOCK_SYMBOL","NO_FMP_STOCK_SYMBOL;NO_FMP_FINANCIAL_SYMBOL","214260.KQ",""
"214270","FSN","KOSDAQ","GENERAL","2015-03-25","false","NO_FMP_STOCK_SYMBOL","NO_FMP_STOCK_SYMBOL;NO_FMP_FINANCIAL_SYMBOL","214270.KQ",""
"214430","아이쓰리시스템","KOSDAQ","GENERAL","2015-07-30","false","NO_FMP_STOCK_SYMBOL","NO_FMP_STOCK_SYMBOL;NO_FMP_FINANCIAL_SYMBOL","214430.KQ",""
"214610","롤링스톤","KOSDAQ","GENERAL","2020-10-22","false","NO_FMP_STOCK_SYMBOL","NO_FMP_STOCK_SYMBOL;NO_FMP_FINANCIAL_SYMBOL","214610.KQ",""
"215090","솔디펜스","KOSDAQ","GENERAL","2015-04-28","false","NO_FMP_STOCK_SYMBOL","NO_FMP_STOCK_SYMBOL;NO_FMP_FINANCIAL_SYMBOL","215090.KQ",""
"215100","로보로보","KOSDAQ","GENERAL","2015-04-22","false","NO_FMP_STOCK_SYMBOL","NO_FMP_STOCK_SYMBOL;NO_FMP_FINANCIAL_SYMBOL","215100.KQ",""
"215360","우리산업","KOSDAQ","GENERAL","2015-05-06","false","NO_FMP_STOCK_SYMBOL","NO_FMP_STOCK_SYMBOL;NO_FMP_FINANCIAL_SYMBOL","215360.KQ",""
"215380","콜마바이오텍","KOSDAQ","GENERAL","2015-05-18","false","NO_FMP_STOCK_SYMBOL","NO_FMP_STOCK_SYMBOL;NO_FMP_FINANCIAL_SYMBOL","215380.KQ",""
"215480","토박스코리아","KOSDAQ","GENERAL","2015-05-13","false","NO_FMP_STOCK_SYMBOL","NO_FMP_STOCK_SYMBOL;NO_FMP_FINANCIAL_SYMBOL","215480.KQ",""
"215790","이노인스트루먼트","KOSDAQ","GENERAL","2015-05-08","false","NO_FMP_STOCK_SYMBOL","NO_FMP_STOCK_SYMBOL;NO_FMP_FINANCIAL_SYMBOL","215790.KQ",""
"217190","제너셈","KOSDAQ","GENERAL","2015-09-25","false","NO_FMP_STOCK_SYMBOL","NO_FMP_STOCK_SYMBOL;NO_FMP_FINANCIAL_SYMBOL","217190.KQ",""
"217270","넵튠","KOSDAQ","GENERAL","2015-06-18","false","NO_FMP_STOCK_SYMBOL","NO_FMP_STOCK_SYMBOL;NO_FMP_FINANCIAL_SYMBOL","217270.KQ",""
"217330","싸이토젠","KOSDAQ","GENERAL","2018-11-22","false","NO_FMP_STOCK_SYMBOL","NO_FMP_STOCK_SYMBOL;NO_FMP_FINANCIAL_SYMBOL","217330.KQ",""
"217480","에스디생명공학","KOSDAQ","GENERAL","2017-03-02","false","NO_FMP_STOCK_SYMBOL","NO_FMP_STOCK_SYMBOL;NO_FMP_FINANCIAL_SYMBOL","217480.KQ",""
"217500","러셀","KOSDAQ","GENERAL","2015-06-16","false","NO_FMP_STOCK_SYMBOL","NO_FMP_STOCK_SYMBOL;NO_FMP_FINANCIAL_SYMBOL","217500.KQ",""
"217730","강스템바이오텍","KOSDAQ","GENERAL","2015-12-21","false","NO_FMP_STOCK_SYMBOL","NO_FMP_STOCK_SYMBOL;NO_FMP_FINANCIAL_SYMBOL","217730.KQ",""
"218150","미래생명자원","KOSDAQ","GENERAL","2015-06-18","false","NO_FMP_STOCK_SYMBOL","NO_FMP_STOCK_SYMBOL;NO_FMP_FINANCIAL_SYMBOL","218150.KQ",""
"219130","타이거일렉","KOSDAQ","GENERAL","2015-09-25","false","NO_FMP_STOCK_SYMBOL","NO_FMP_STOCK_SYMBOL;NO_FMP_FINANCIAL_SYMBOL","219130.KQ",""
"219420","링크제니시스","KOSDAQ","GENERAL","2018-02-05","false","NO_FMP_STOCK_SYMBOL","NO_FMP_STOCK_SYMBOL;NO_FMP_FINANCIAL_SYMBOL","219420.KQ",""
"219550","디와이디","KOSDAQ","GENERAL","2015-07-22","false","NO_FMP_STOCK_SYMBOL","NO_FMP_STOCK_SYMBOL;NO_FMP_FINANCIAL_SYMBOL","219550.KQ",""
"219750","한국비티비","KOSDAQ","GENERAL","2018-09-21","false","NO_FMP_STOCK_SYMBOL","NO_FMP_STOCK_SYMBOL;NO_FMP_FINANCIAL_SYMBOL","219750.KQ",""
"220180","폴라리스AI핸디","KOSDAQ","GENERAL","2016-11-24","false","NO_FMP_STOCK_SYMBOL","NO_FMP_STOCK_SYMBOL;NO_FMP_FINANCIAL_SYMBOL","220180.KQ",""
"220260","켐트로스","KOSDAQ","GENERAL","2015-07-27","false","NO_FMP_STOCK_SYMBOL","NO_FMP_STOCK_SYMBOL;NO_FMP_FINANCIAL_SYMBOL","220260.KQ",""
"221800","지구홀딩스","KOSDAQ","GENERAL","2023-11-02","false","NO_FMP_STOCK_SYMBOL","NO_FMP_STOCK_SYMBOL;NO_FMP_FINANCIAL_SYMBOL","221800.KQ",""
"221980","케이디켐","KOSDAQ","GENERAL","2015-11-19","false","NO_FMP_STOCK_SYMBOL","NO_FMP_STOCK_SYMBOL;NO_FMP_FINANCIAL_SYMBOL","221980.KQ",""
"222040","코스맥스엔비티","KOSDAQ","GENERAL","2015-12-16","false","NO_FMP_STOCK_SYMBOL","NO_FMP_STOCK_SYMBOL;NO_FMP_FINANCIAL_SYMBOL","222040.KQ",""
"222110","팬젠","KOSDAQ","GENERAL","2016-03-11","false","NO_FMP_STOCK_SYMBOL","NO_FMP_STOCK_SYMBOL;NO_FMP_FINANCIAL_SYMBOL","222110.KQ",""
"222420","쎄노텍","KOSDAQ","GENERAL","2015-08-06","false","NO_FMP_STOCK_SYMBOL","NO_FMP_STOCK_SYMBOL;NO_FMP_FINANCIAL_SYMBOL","222420.KQ",""
"222980","한국맥널티","KOSDAQ","GENERAL","2015-12-23","false","NO_FMP_STOCK_SYMBOL","NO_FMP_STOCK_SYMBOL;NO_FMP_FINANCIAL_SYMBOL","222980.KQ",""
"223250","드림씨아이에스","KOSDAQ","GENERAL","2020-05-22","false","NO_FMP_STOCK_SYMBOL","NO_FMP_STOCK_SYMBOL;NO_FMP_FINANCIAL_SYMBOL","223250.KQ",""
"223310","사토시홀딩스","KOSDAQ","GENERAL","2015-12-24","false","NO_FMP_STOCK_SYMBOL","NO_FMP_STOCK_SYMBOL;NO_FMP_FINANCIAL_SYMBOL","223310.KQ",""
"224060","더코디","KOSDAQ","GENERAL","2015-12-29","false","NO_FMP_STOCK_SYMBOL","NO_FMP_STOCK_SYMBOL;NO_FMP_FINANCIAL_SYMBOL","224060.KQ",""
"224110","에이텍모빌리티","KOSDAQ","GENERAL","2015-08-25","false","NO_FMP_STOCK_SYMBOL","NO_FMP_STOCK_SYMBOL;NO_FMP_FINANCIAL_SYMBOL","224110.KQ",""
"225190","LK삼양","KOSDAQ","GENERAL","2017-06-02","false","NO_FMP_STOCK_SYMBOL","NO_FMP_STOCK_SYMBOL;NO_FMP_FINANCIAL_SYMBOL","225190.KQ",""
"225220","제놀루션","KOSDAQ","GENERAL","2020-07-24","false","NO_FMP_STOCK_SYMBOL","NO_FMP_STOCK_SYMBOL;NO_FMP_FINANCIAL_SYMBOL","225220.KQ",""
"225430","케이엠제약","KOSDAQ","GENERAL","2015-10-08","false","NO_FMP_STOCK_SYMBOL","NO_FMP_STOCK_SYMBOL;NO_FMP_FINANCIAL_SYMBOL","225430.KQ",""
"225530","HC보광산업","KOSDAQ","GENERAL","2015-12-17","false","NO_FMP_STOCK_SYMBOL","NO_FMP_STOCK_SYMBOL;NO_FMP_FINANCIAL_SYMBOL","225530.KQ",""
"225590","패션플랫폼","KOSDAQ","GENERAL","2015-10-05","false","NO_FMP_STOCK_SYMBOL","NO_FMP_STOCK_SYMBOL;NO_FMP_FINANCIAL_SYMBOL","225590.KQ",""
"226330","신테카바이오","KOSDAQ","GENERAL","2019-12-17","false","NO_FMP_STOCK_SYMBOL","NO_FMP_STOCK_SYMBOL;NO_FMP_FINANCIAL_SYMBOL","226330.KQ",""
"226340","본느","KOSDAQ","GENERAL","2015-11-05","false","NO_FMP_STOCK_SYMBOL","NO_FMP_STOCK_SYMBOL;NO_FMP_FINANCIAL_SYMBOL","226340.KQ",""
"226400","오스테오닉","KOSDAQ","GENERAL","2018-02-22","false","NO_FMP_STOCK_SYMBOL","NO_FMP_STOCK_SYMBOL;NO_FMP_FINANCIAL_SYMBOL","226400.KQ",""
"226590","엠디바이스","KOSDAQ","GENERAL","2025-03-07","false","NO_FMP_STOCK_SYMBOL","NO_FMP_STOCK_SYMBOL;NO_FMP_FINANCIAL_SYMBOL","226590.KQ",""
"227610","아우딘퓨쳐스","KOSDAQ","GENERAL","2017-07-12","false","NO_FMP_STOCK_SYMBOL","NO_FMP_STOCK_SYMBOL;NO_FMP_FINANCIAL_SYMBOL","227610.KQ",""
"227950","엔투텍","KOSDAQ","GENERAL","2015-11-18","false","NO_FMP_STOCK_SYMBOL","NO_FMP_STOCK_SYMBOL;NO_FMP_FINANCIAL_SYMBOL","227950.KQ",""
"228340","동양파일","KOSDAQ","GENERAL","2016-04-06","false","NO_FMP_STOCK_SYMBOL","NO_FMP_STOCK_SYMBOL;NO_FMP_FINANCIAL_SYMBOL","228340.KQ",""
"228850","레이언스","KOSDAQ","GENERAL","2016-04-11","false","NO_FMP_STOCK_SYMBOL","NO_FMP_STOCK_SYMBOL;NO_FMP_FINANCIAL_SYMBOL","228850.KQ",""
"232140","와이씨","KOSDAQ","GENERAL","2015-12-24","false","NO_FMP_STOCK_SYMBOL","NO_FMP_STOCK_SYMBOL;NO_FMP_FINANCIAL_SYMBOL","232140.KQ",""
"232680","라온로보틱스","KOSDAQ","GENERAL","2021-06-17","false","NO_FMP_STOCK_SYMBOL","NO_FMP_STOCK_SYMBOL;NO_FMP_FINANCIAL_SYMBOL","232680.KQ",""
"232830","아이티센피엔에스","KOSDAQ","GENERAL","2023-06-29","false","NO_FMP_STOCK_SYMBOL","NO_FMP_STOCK_SYMBOL;NO_FMP_FINANCIAL_SYMBOL","232830.KQ",""
"234030","싸이닉솔루션","KOSDAQ","GENERAL","2025-07-07","false","NO_FMP_FINANCIAL_SYMBOL","NO_FMP_FINANCIAL_SYMBOL","234030.KQ","234030.KQ"
"234100","폴라리스세원","KOSDAQ","GENERAL","2017-10-20","false","NO_FMP_STOCK_SYMBOL","NO_FMP_STOCK_SYMBOL;NO_FMP_FINANCIAL_SYMBOL","234100.KQ",""
"234300","에스트래픽","KOSDAQ","GENERAL","2017-12-05","false","NO_FMP_STOCK_SYMBOL","NO_FMP_STOCK_SYMBOL;NO_FMP_FINANCIAL_SYMBOL","234300.KQ",""
"234340","헥토파이낸셜","KOSDAQ","GENERAL","2019-07-12","false","NO_FMP_STOCK_SYMBOL","NO_FMP_STOCK_SYMBOL;NO_FMP_FINANCIAL_SYMBOL","234340.KQ",""
"234690","녹십자웰빙","KOSDAQ","GENERAL","2019-10-14","false","NO_FMP_STOCK_SYMBOL","NO_FMP_STOCK_SYMBOL;NO_FMP_FINANCIAL_SYMBOL","234690.KQ",""
"234920","자이글","KOSDAQ","GENERAL","2016-09-06","false","NO_FMP_STOCK_SYMBOL","NO_FMP_STOCK_SYMBOL;NO_FMP_FINANCIAL_SYMBOL","234920.KQ",""
"236200","슈프리마","KOSDAQ","GENERAL","2016-02-05","false","NO_FMP_STOCK_SYMBOL","NO_FMP_STOCK_SYMBOL;NO_FMP_FINANCIAL_SYMBOL","236200.KQ",""
"236810","엔비티","KOSDAQ","GENERAL","2021-01-21","false","NO_FMP_STOCK_SYMBOL","NO_FMP_STOCK_SYMBOL;NO_FMP_FINANCIAL_SYMBOL","236810.KQ",""
"237750","피앤씨테크","KOSDAQ","GENERAL","2016-07-04","false","NO_FMP_STOCK_SYMBOL","NO_FMP_STOCK_SYMBOL;NO_FMP_FINANCIAL_SYMBOL","237750.KQ",""
"237820","플레이디","KOSDAQ","GENERAL","2020-03-12","false","NO_FMP_STOCK_SYMBOL","NO_FMP_STOCK_SYMBOL;NO_FMP_FINANCIAL_SYMBOL","237820.KQ",""
"237880","클리오","KOSDAQ","GENERAL","2016-11-09","false","NO_FMP_STOCK_SYMBOL","NO_FMP_STOCK_SYMBOL;NO_FMP_FINANCIAL_SYMBOL","237880.KQ",""
"238120","얼라인드","KOSDAQ","GENERAL","2016-11-03","false","NO_FMP_STOCK_SYMBOL","NO_FMP_STOCK_SYMBOL;NO_FMP_FINANCIAL_SYMBOL","238120.KQ",""
"238200","비피도","KOSDAQ","GENERAL","2018-12-26","false","NO_FMP_STOCK_SYMBOL","NO_FMP_STOCK_SYMBOL;NO_FMP_FINANCIAL_SYMBOL","238200.KQ",""
"238490","힘스","KOSDAQ","GENERAL","2017-07-20","false","NO_FMP_STOCK_SYMBOL","NO_FMP_STOCK_SYMBOL;NO_FMP_FINANCIAL_SYMBOL","238490.KQ",""
"239340","이스트에이드","KOSDAQ","GENERAL","2016-06-09","false","NO_FMP_STOCK_SYMBOL","NO_FMP_STOCK_SYMBOL;NO_FMP_FINANCIAL_SYMBOL","239340.KQ",""
"239610","에이치엘사이언스","KOSDAQ","GENERAL","2016-10-28","false","NO_FMP_STOCK_SYMBOL","NO_FMP_STOCK_SYMBOL;NO_FMP_FINANCIAL_SYMBOL","239610.KQ",""
"239890","피엔에이치테크","KOSDAQ","GENERAL","2021-02-16","false","NO_FMP_STOCK_SYMBOL","NO_FMP_STOCK_SYMBOL;NO_FMP_FINANCIAL_SYMBOL","239890.KQ",""
"240550","동방메디컬","KOSDAQ","GENERAL","2025-02-13","false","NO_FMP_FINANCIAL_SYMBOL","NO_FMP_FINANCIAL_SYMBOL","240550.KQ","240550.KQ"
"240600","유진테크놀로지","KOSDAQ","GENERAL","2023-11-02","false","NO_FMP_STOCK_SYMBOL","NO_FMP_STOCK_SYMBOL;NO_FMP_FINANCIAL_SYMBOL","240600.KQ",""
"241520","DSC인베스트먼트","KOSDAQ","GENERAL","2016-12-19","false","NO_FMP_STOCK_SYMBOL","NO_FMP_STOCK_SYMBOL;NO_FMP_FINANCIAL_SYMBOL","241520.KQ",""
"241710","코스메카코리아","KOSDAQ","GENERAL","2016-10-28","false","NO_FMP_STOCK_SYMBOL","NO_FMP_STOCK_SYMBOL;NO_FMP_FINANCIAL_SYMBOL","241710.KQ",""
"241770","메카로","KOSDAQ","GENERAL","2017-12-06","false","NO_FMP_STOCK_SYMBOL","NO_FMP_STOCK_SYMBOL;NO_FMP_FINANCIAL_SYMBOL","241770.KQ",""
"241790","티이엠씨씨엔에스","KOSDAQ","GENERAL","2016-12-01","false","NO_FMP_STOCK_SYMBOL","NO_FMP_STOCK_SYMBOL;NO_FMP_FINANCIAL_SYMBOL","241790.KQ",""
"241840","에이스토리","KOSDAQ","GENERAL","2019-07-19","false","NO_FMP_STOCK_SYMBOL","NO_FMP_STOCK_SYMBOL;NO_FMP_FINANCIAL_SYMBOL","241840.KQ",""
"242040","나무에이엑스","KOSDAQ","GENERAL","2016-09-07","false","NO_FMP_STOCK_SYMBOL","NO_FMP_STOCK_SYMBOL;NO_FMP_FINANCIAL_SYMBOL","242040.KQ",""
"244460","올리패스","KOSDAQ","GENERAL","2019-09-20","false","NO_FMP_STOCK_SYMBOL","NO_FMP_STOCK_SYMBOL;NO_FMP_FINANCIAL_SYMBOL","244460.KQ",""
"245620","EDGC","KOSDAQ","GENERAL","2018-06-26","false","NO_FMP_STOCK_SYMBOL","NO_FMP_STOCK_SYMBOL;NO_FMP_FINANCIAL_SYMBOL","245620.KQ",""
"246250","에스엘에스바이오","KOSDAQ","GENERAL","2023-10-20","false","NO_FMP_STOCK_SYMBOL","NO_FMP_STOCK_SYMBOL;NO_FMP_FINANCIAL_SYMBOL","246250.KQ",""
"246690","TS인베스트먼트","KOSDAQ","GENERAL","2016-12-15","false","NO_FMP_STOCK_SYMBOL","NO_FMP_STOCK_SYMBOL;NO_FMP_FINANCIAL_SYMBOL","246690.KQ",""
"246720","아스타","KOSDAQ","GENERAL","2017-03-20","false","NO_FMP_STOCK_SYMBOL","NO_FMP_STOCK_SYMBOL;NO_FMP_FINANCIAL_SYMBOL","246720.KQ",""
"246960","SCL사이언스","KOSDAQ","GENERAL","2019-02-01","false","NO_FMP_STOCK_SYMBOL","NO_FMP_STOCK_SYMBOL;NO_FMP_FINANCIAL_SYMBOL","246960.KQ",""
"247660","나노씨엠에스","KOSDAQ","GENERAL","2021-03-09","false","NO_FMP_STOCK_SYMBOL","NO_FMP_STOCK_SYMBOL;NO_FMP_FINANCIAL_SYMBOL","247660.KQ",""
"250000","보라티알","KOSDAQ","GENERAL","2017-06-08","false","NO_FMP_STOCK_SYMBOL","NO_FMP_STOCK_SYMBOL;NO_FMP_FINANCIAL_SYMBOL","250000.KQ",""
"250060","모비스","KOSDAQ","GENERAL","2016-09-08","false","NO_FMP_STOCK_SYMBOL","NO_FMP_STOCK_SYMBOL;NO_FMP_FINANCIAL_SYMBOL","250060.KQ",""
"250930","예선테크","KOSDAQ","GENERAL","2016-09-29","false","NO_FMP_STOCK_SYMBOL","NO_FMP_STOCK_SYMBOL;NO_FMP_FINANCIAL_SYMBOL","250930.KQ",""
"251120","바이오에프디엔씨","KOSDAQ","GENERAL","2022-02-21","false","NO_FMP_STOCK_SYMBOL","NO_FMP_STOCK_SYMBOL;NO_FMP_FINANCIAL_SYMBOL","251120.KQ",""
"251370","와이엠티","KOSDAQ","GENERAL","2017-04-27","false","NO_FMP_STOCK_SYMBOL","NO_FMP_STOCK_SYMBOL;NO_FMP_FINANCIAL_SYMBOL","251370.KQ",""
"251630","브이원텍","KOSDAQ","GENERAL","2017-07-13","false","NO_FMP_STOCK_SYMBOL","NO_FMP_STOCK_SYMBOL;NO_FMP_FINANCIAL_SYMBOL","251630.KQ",""
"251970","펌텍코리아","KOSDAQ","GENERAL","2019-07-04","false","NO_FMP_STOCK_SYMBOL","NO_FMP_STOCK_SYMBOL;NO_FMP_FINANCIAL_SYMBOL","251970.KQ",""
"252500","세화피앤씨","KOSDAQ","GENERAL","2016-11-02","false","NO_FMP_STOCK_SYMBOL","NO_FMP_STOCK_SYMBOL;NO_FMP_FINANCIAL_SYMBOL","252500.KQ",""
"252990","샘씨엔에스","KOSDAQ","GENERAL","2021-05-20","false","NO_FMP_STOCK_SYMBOL","NO_FMP_STOCK_SYMBOL;NO_FMP_FINANCIAL_SYMBOL","252990.KQ",""
"253590","네오셈","KOSDAQ","GENERAL","2018-04-04","false","NO_FMP_STOCK_SYMBOL","NO_FMP_STOCK_SYMBOL;NO_FMP_FINANCIAL_SYMBOL","253590.KQ",""
"254120","자비스","KOSDAQ","GENERAL","2016-12-02","false","NO_FMP_STOCK_SYMBOL","NO_FMP_STOCK_SYMBOL;NO_FMP_FINANCIAL_SYMBOL","254120.KQ",""
"255220","SG","KOSDAQ","GENERAL","2018-01-26","false","NO_FMP_STOCK_SYMBOL","NO_FMP_STOCK_SYMBOL;NO_FMP_FINANCIAL_SYMBOL","255220.KQ",""
"255440","야스","KOSDAQ","GENERAL","2017-09-29","false","NO_FMP_STOCK_SYMBOL","NO_FMP_STOCK_SYMBOL;NO_FMP_FINANCIAL_SYMBOL","255440.KQ",""
"256630","포인트엔지니어링","KOSDAQ","GENERAL","2017-05-02","false","NO_FMP_STOCK_SYMBOL","NO_FMP_STOCK_SYMBOL;NO_FMP_FINANCIAL_SYMBOL","256630.KQ",""
"256940","킵스파마","KOSDAQ","GENERAL","2017-09-06","false","NO_FMP_STOCK_SYMBOL","NO_FMP_STOCK_SYMBOL;NO_FMP_FINANCIAL_SYMBOL","256940.KQ",""
"257370","피엔티엠에스","KOSDAQ","GENERAL","2018-09-13","false","NO_FMP_STOCK_SYMBOL","NO_FMP_STOCK_SYMBOL;NO_FMP_FINANCIAL_SYMBOL","257370.KQ",""
"257720","실리콘투","KOSDAQ","GENERAL","2021-09-29","false","NO_FMP_STOCK_SYMBOL","NO_FMP_STOCK_SYMBOL;NO_FMP_FINANCIAL_SYMBOL","257720.KQ",""
"258610","케일럼","KOSDAQ","GENERAL","2017-08-22","false","NO_FMP_STOCK_SYMBOL","NO_FMP_STOCK_SYMBOL;NO_FMP_FINANCIAL_SYMBOL","258610.KQ",""
"258790","소프트캠프","KOSDAQ","GENERAL","2017-04-27","false","NO_FMP_STOCK_SYMBOL","NO_FMP_STOCK_SYMBOL;NO_FMP_FINANCIAL_SYMBOL","258790.KQ",""
"258830","세종메디칼","KOSDAQ","GENERAL","2018-05-29","false","NO_FMP_STOCK_SYMBOL","NO_FMP_STOCK_SYMBOL;NO_FMP_FINANCIAL_SYMBOL","258830.KQ",""
"259630","엠플러스","KOSDAQ","GENERAL","2017-09-20","false","NO_FMP_STOCK_SYMBOL","NO_FMP_STOCK_SYMBOL;NO_FMP_FINANCIAL_SYMBOL","259630.KQ",""
"260660","알리코제약","KOSDAQ","GENERAL","2018-02-12","false","NO_FMP_STOCK_SYMBOL","NO_FMP_STOCK_SYMBOL;NO_FMP_FINANCIAL_SYMBOL","260660.KQ",""
"260970","에스앤디","KOSDAQ","GENERAL","2021-09-29","false","NO_FMP_STOCK_SYMBOL","NO_FMP_STOCK_SYMBOL;NO_FMP_FINANCIAL_SYMBOL","260970.KQ",""
"261200","덴티스","KOSDAQ","GENERAL","2017-06-26","false","NO_FMP_STOCK_SYMBOL","NO_FMP_STOCK_SYMBOL;NO_FMP_FINANCIAL_SYMBOL","261200.KQ",""
"261520","이지스","KOSDAQ","GENERAL","2025-12-11","true","NO_FMP_STOCK_SYMBOL","NO_FMP_STOCK_SYMBOL;NO_FMP_FINANCIAL_SYMBOL","261520.KQ",""
"261780","아리바이오LAB","KOSDAQ","GENERAL","2021-10-22","false","NO_FMP_STOCK_SYMBOL","NO_FMP_STOCK_SYMBOL;NO_FMP_FINANCIAL_SYMBOL","261780.KQ",""
"262260","에이프로","KOSDAQ","GENERAL","2020-07-16","false","NO_FMP_STOCK_SYMBOL","NO_FMP_STOCK_SYMBOL;NO_FMP_FINANCIAL_SYMBOL","262260.KQ",""
"262840","아이퀘스트","KOSDAQ","GENERAL","2021-02-05","false","NO_FMP_STOCK_SYMBOL","NO_FMP_STOCK_SYMBOL;NO_FMP_FINANCIAL_SYMBOL","262840.KQ",""
"263020","디케이앤디","KOSDAQ","GENERAL","2018-11-20","false","NO_FMP_STOCK_SYMBOL","NO_FMP_STOCK_SYMBOL;NO_FMP_FINANCIAL_SYMBOL","263020.KQ",""
"263050","유틸렉스","KOSDAQ","GENERAL","2018-12-24","false","NO_FMP_STOCK_SYMBOL","NO_FMP_STOCK_SYMBOL;NO_FMP_FINANCIAL_SYMBOL","263050.KQ",""
"263600","덕우전자","KOSDAQ","GENERAL","2017-08-28","false","NO_FMP_STOCK_SYMBOL","NO_FMP_STOCK_SYMBOL;NO_FMP_FINANCIAL_SYMBOL","263600.KQ",""
"263690","디알젬","KOSDAQ","GENERAL","2018-11-22","false","NO_FMP_STOCK_SYMBOL","NO_FMP_STOCK_SYMBOL;NO_FMP_FINANCIAL_SYMBOL","263690.KQ",""
"263700","케어랩스","KOSDAQ","GENERAL","2018-03-28","false","NO_FMP_STOCK_SYMBOL","NO_FMP_STOCK_SYMBOL;NO_FMP_FINANCIAL_SYMBOL","263700.KQ",""
"263720","디앤씨미디어","KOSDAQ","GENERAL","2017-08-01","false","NO_FMP_STOCK_SYMBOL","NO_FMP_STOCK_SYMBOL;NO_FMP_FINANCIAL_SYMBOL","263720.KQ",""
"263770","유에스티","KOSDAQ","GENERAL","2017-04-06","false","NO_FMP_STOCK_SYMBOL","NO_FMP_STOCK_SYMBOL;NO_FMP_FINANCIAL_SYMBOL","263770.KQ",""
"263800","데이타솔루션","KOSDAQ","GENERAL","2017-08-03","false","NO_FMP_STOCK_SYMBOL","NO_FMP_STOCK_SYMBOL;NO_FMP_FINANCIAL_SYMBOL","263800.KQ",""
"263810","상신전자","KOSDAQ","GENERAL","2017-10-16","false","NO_FMP_STOCK_SYMBOL","NO_FMP_STOCK_SYMBOL;NO_FMP_FINANCIAL_SYMBOL","263810.KQ",""
"263860","지니언스","KOSDAQ","GENERAL","2017-08-02","false","NO_FMP_STOCK_SYMBOL","NO_FMP_STOCK_SYMBOL;NO_FMP_FINANCIAL_SYMBOL","263860.KQ",""
"263920","휴엠앤씨","KOSDAQ","GENERAL","2017-09-28","false","NO_FMP_STOCK_SYMBOL","NO_FMP_STOCK_SYMBOL;NO_FMP_FINANCIAL_SYMBOL","263920.KQ",""
"264450","유비쿼스","KOSDAQ","GENERAL","2017-03-31","false","NO_FMP_STOCK_SYMBOL","NO_FMP_STOCK_SYMBOL;NO_FMP_FINANCIAL_SYMBOL","264450.KQ",""
"264660","씨앤지하이테크","KOSDAQ","GENERAL","2018-01-25","false","NO_FMP_STOCK_SYMBOL","NO_FMP_STOCK_SYMBOL;NO_FMP_FINANCIAL_SYMBOL","264660.KQ",""
"264850","이랜시스","KOSDAQ","GENERAL","2017-06-01","false","NO_FMP_STOCK_SYMBOL","NO_FMP_STOCK_SYMBOL;NO_FMP_FINANCIAL_SYMBOL","264850.KQ",""
"265560","영화테크","KOSDAQ","GENERAL","2017-10-26","false","NO_FMP_STOCK_SYMBOL","NO_FMP_STOCK_SYMBOL;NO_FMP_FINANCIAL_SYMBOL","265560.KQ",""
"265740","엔에프씨","KOSDAQ","GENERAL","2020-12-02","false","NO_FMP_STOCK_SYMBOL","NO_FMP_STOCK_SYMBOL;NO_FMP_FINANCIAL_SYMBOL","265740.KQ",""
"267320","나인테크","KOSDAQ","GENERAL","2017-06-22","false","NO_FMP_STOCK_SYMBOL","NO_FMP_STOCK_SYMBOL;NO_FMP_FINANCIAL_SYMBOL","267320.KQ",""
"267790","배럴","KOSDAQ","GENERAL","2018-02-01","false","NO_FMP_STOCK_SYMBOL","NO_FMP_STOCK_SYMBOL;NO_FMP_FINANCIAL_SYMBOL","267790.KQ",""
"270660","에브리봇","KOSDAQ","GENERAL","2021-07-28","false","NO_FMP_STOCK_SYMBOL","NO_FMP_STOCK_SYMBOL;NO_FMP_FINANCIAL_SYMBOL","270660.KQ",""
"270870","뉴트리","KOSDAQ","GENERAL","2018-12-13","false","NO_FMP_STOCK_SYMBOL","NO_FMP_STOCK_SYMBOL;NO_FMP_FINANCIAL_SYMBOL","270870.KQ",""
"271830","팸텍","KOSDAQ","GENERAL","2023-05-23","false","NO_FMP_STOCK_SYMBOL","NO_FMP_STOCK_SYMBOL;NO_FMP_FINANCIAL_SYMBOL","271830.KQ",""
"272110","케이엔제이","KOSDAQ","GENERAL","2019-10-25","false","NO_FMP_STOCK_SYMBOL","NO_FMP_STOCK_SYMBOL;NO_FMP_FINANCIAL_SYMBOL","272110.KQ",""
"273060","와이즈버즈","KOSDAQ","GENERAL","2017-08-07","false","NO_FMP_STOCK_SYMBOL","NO_FMP_STOCK_SYMBOL;NO_FMP_FINANCIAL_SYMBOL","273060.KQ",""
"274090","켄코아에어로스페이스","KOSDAQ","GENERAL","2020-03-03","false","NO_FMP_STOCK_SYMBOL","NO_FMP_STOCK_SYMBOL;NO_FMP_FINANCIAL_SYMBOL","274090.KQ",""
"274400","이노시뮬레이션","KOSDAQ","GENERAL","2023-07-06","false","NO_FMP_STOCK_SYMBOL","NO_FMP_STOCK_SYMBOL;NO_FMP_FINANCIAL_SYMBOL","274400.KQ",""
"275630","에스에스알","KOSDAQ","GENERAL","2018-08-06","false","NO_FMP_STOCK_SYMBOL","NO_FMP_STOCK_SYMBOL;NO_FMP_FINANCIAL_SYMBOL","275630.KQ",""
"276040","스코넥","KOSDAQ","GENERAL","2022-02-04","false","NO_FMP_STOCK_SYMBOL","NO_FMP_STOCK_SYMBOL;NO_FMP_FINANCIAL_SYMBOL","276040.KQ",""
"276730","한울앤제주","KOSDAQ","GENERAL","2021-05-26","false","NO_FMP_STOCK_SYMBOL","NO_FMP_STOCK_SYMBOL;NO_FMP_FINANCIAL_SYMBOL","276730.KQ",""
"277070","린드먼아시아","KOSDAQ","GENERAL","2018-03-14","false","NO_FMP_STOCK_SYMBOL","NO_FMP_STOCK_SYMBOL;NO_FMP_FINANCIAL_SYMBOL","277070.KQ",""
"277410","인산가","KOSDAQ","GENERAL","2017-09-29","false","NO_FMP_STOCK_SYMBOL","NO_FMP_STOCK_SYMBOL;NO_FMP_FINANCIAL_SYMBOL","277410.KQ",""
"277880","티에스아이","KOSDAQ","GENERAL","2020-07-22","false","NO_FMP_STOCK_SYMBOL","NO_FMP_STOCK_SYMBOL;NO_FMP_FINANCIAL_SYMBOL","277880.KQ",""
"278650","HLB바이오스텝","KOSDAQ","GENERAL","2019-11-27","false","NO_FMP_STOCK_SYMBOL","NO_FMP_STOCK_SYMBOL;NO_FMP_FINANCIAL_SYMBOL","278650.KQ",""
"279600","미디어젠","KOSDAQ","GENERAL","2019-11-05","false","NO_FMP_STOCK_SYMBOL","NO_FMP_STOCK_SYMBOL;NO_FMP_FINANCIAL_SYMBOL","279600.KQ",""
"282620","기도산업","KOSDAQ","GENERAL","2026-08-21","true","NO_FMP_STOCK_SYMBOL","NO_FMP_STOCK_SYMBOL;NO_FMP_FINANCIAL_SYMBOL","282620.KQ",""
"282720","금양그린파워","KOSDAQ","GENERAL","2023-03-13","false","NO_FMP_STOCK_SYMBOL","NO_FMP_STOCK_SYMBOL;NO_FMP_FINANCIAL_SYMBOL","282720.KQ",""
"282880","코윈테크","KOSDAQ","GENERAL","2019-08-05","false","NO_FMP_STOCK_SYMBOL","NO_FMP_STOCK_SYMBOL;NO_FMP_FINANCIAL_SYMBOL","282880.KQ",""
"284620","카이노스메드","KOSDAQ","GENERAL","2018-06-08","false","NO_FMP_STOCK_SYMBOL","NO_FMP_STOCK_SYMBOL;NO_FMP_FINANCIAL_SYMBOL","284620.KQ",""
"285490","노바텍","KOSDAQ","GENERAL","2018-11-02","false","NO_FMP_STOCK_SYMBOL","NO_FMP_STOCK_SYMBOL;NO_FMP_FINANCIAL_SYMBOL","285490.KQ",""
"285800","진영","KOSDAQ","GENERAL","2023-06-01","false","NO_FMP_STOCK_SYMBOL","NO_FMP_STOCK_SYMBOL;NO_FMP_FINANCIAL_SYMBOL","285800.KQ",""
"286750","나노실리칸첨단소재","KOSDAQ","GENERAL","2019-08-19","false","NO_FMP_STOCK_SYMBOL","NO_FMP_STOCK_SYMBOL;NO_FMP_FINANCIAL_SYMBOL","286750.KQ",""
"287840","인투셀","KOSDAQ","GENERAL","2025-05-23","false","NO_FMP_STOCK_SYMBOL","NO_FMP_STOCK_SYMBOL;NO_FMP_FINANCIAL_SYMBOL","287840.KQ",""
"288180","케이피항공산업","KOSDAQ","GENERAL","2026-05-19","true","NO_FMP_STOCK_SYMBOL","NO_FMP_STOCK_SYMBOL;NO_FMP_FINANCIAL_SYMBOL","288180.KQ",""
"288330","파라택시스코리아","KOSDAQ","GENERAL","2019-12-20","false","NO_FMP_STOCK_SYMBOL","NO_FMP_STOCK_SYMBOL;NO_FMP_FINANCIAL_SYMBOL","288330.KQ",""
"288620","에스프리즘","KOSDAQ","GENERAL","2018-10-15","false","NO_FMP_STOCK_SYMBOL","NO_FMP_STOCK_SYMBOL;NO_FMP_FINANCIAL_SYMBOL","288620.KQ",""
"288980","모아데이타","KOSDAQ","GENERAL","2022-03-10","false","NO_FMP_STOCK_SYMBOL","NO_FMP_STOCK_SYMBOL;NO_FMP_FINANCIAL_SYMBOL","288980.KQ",""
"289010","아이스크림에듀","KOSDAQ","GENERAL","2019-07-11","false","NO_FMP_STOCK_SYMBOL","NO_FMP_STOCK_SYMBOL;NO_FMP_FINANCIAL_SYMBOL","289010.KQ",""
"289080","SV인베스트먼트","KOSDAQ","GENERAL","2018-07-06","false","NO_FMP_STOCK_SYMBOL","NO_FMP_STOCK_SYMBOL;NO_FMP_FINANCIAL_SYMBOL","289080.KQ",""
"289930","웨이비스","KOSDAQ","GENERAL","2024-10-25","false","NO_FMP_STOCK_SYMBOL","NO_FMP_STOCK_SYMBOL;NO_FMP_FINANCIAL_SYMBOL","289930.KQ",""
"290090","트윔","KOSDAQ","GENERAL","2021-11-17","false","NO_FMP_STOCK_SYMBOL","NO_FMP_STOCK_SYMBOL;NO_FMP_FINANCIAL_SYMBOL","290090.KQ",""
"290120","DH오토리드","KOSDAQ","GENERAL","2018-12-07","false","NO_FMP_STOCK_SYMBOL","NO_FMP_STOCK_SYMBOL;NO_FMP_FINANCIAL_SYMBOL","290120.KQ",""
"290270","휴네시온","KOSDAQ","GENERAL","2018-08-02","false","NO_FMP_STOCK_SYMBOL","NO_FMP_STOCK_SYMBOL;NO_FMP_FINANCIAL_SYMBOL","290270.KQ",""
"290520","신도기연","KOSDAQ","GENERAL","2020-07-06","false","NO_FMP_STOCK_SYMBOL","NO_FMP_STOCK_SYMBOL;NO_FMP_FINANCIAL_SYMBOL","290520.KQ",""
"290550","디케이티","KOSDAQ","GENERAL","2018-12-21","false","NO_FMP_STOCK_SYMBOL","NO_FMP_STOCK_SYMBOL;NO_FMP_FINANCIAL_SYMBOL","290550.KQ",""
"290560","파라택시스이더리움","KOSDAQ","GENERAL","2023-11-03","false","NO_FMP_STOCK_SYMBOL","NO_FMP_STOCK_SYMBOL;NO_FMP_FINANCIAL_SYMBOL","290560.KQ",""
"290660","다이나믹솔루션","KOSDAQ","GENERAL","2018-11-28","false","NO_FMP_STOCK_SYMBOL","NO_FMP_STOCK_SYMBOL;NO_FMP_FINANCIAL_SYMBOL","290660.KQ",""
"290690","아리바이오홀딩스","KOSDAQ","GENERAL","2020-11-06","false","NO_FMP_STOCK_SYMBOL","NO_FMP_STOCK_SYMBOL;NO_FMP_FINANCIAL_SYMBOL","290690.KQ",""
"290720","푸드나무","KOSDAQ","GENERAL","2018-10-04","false","NO_FMP_STOCK_SYMBOL","NO_FMP_STOCK_SYMBOL;NO_FMP_FINANCIAL_SYMBOL","290720.KQ",""
"290740","액트로","KOSDAQ","GENERAL","2018-08-28","false","NO_FMP_STOCK_SYMBOL","NO_FMP_STOCK_SYMBOL;NO_FMP_FINANCIAL_SYMBOL","290740.KQ",""
"291230","컴투스엔","KOSDAQ","GENERAL","2018-09-13","false","NO_FMP_STOCK_SYMBOL","NO_FMP_STOCK_SYMBOL;NO_FMP_FINANCIAL_SYMBOL","291230.KQ",""
"291650","츌립앤사이언스","KOSDAQ","GENERAL","2020-09-16","false","NO_FMP_STOCK_SYMBOL","NO_FMP_STOCK_SYMBOL;NO_FMP_FINANCIAL_SYMBOL","291650.KQ",""
"291810","핀텔","KOSDAQ","GENERAL","2022-10-20","false","NO_FMP_STOCK_SYMBOL","NO_FMP_STOCK_SYMBOL;NO_FMP_FINANCIAL_SYMBOL","291810.KQ",""
"293580","나우IB","KOSDAQ","GENERAL","2018-10-04","false","NO_FMP_STOCK_SYMBOL","NO_FMP_STOCK_SYMBOL;NO_FMP_FINANCIAL_SYMBOL","293580.KQ",""
"294140","레몬","KOSDAQ","GENERAL","2020-02-28","false","NO_FMP_STOCK_SYMBOL","NO_FMP_STOCK_SYMBOL;NO_FMP_FINANCIAL_SYMBOL","294140.KQ",""
"294630","서남","KOSDAQ","GENERAL","2020-02-20","false","NO_FMP_STOCK_SYMBOL","NO_FMP_STOCK_SYMBOL;NO_FMP_FINANCIAL_SYMBOL","294630.KQ",""
"295310","에이치브이엠","KOSDAQ","GENERAL","2024-06-28","false","QUARTERLY_HISTORY_LT_3Y","QUARTERLY_HISTORY_LT_3Y","295310.KQ","295310.KQ"
"296640","이노에이엑스","KOSDAQ","GENERAL","2022-10-07","false","NO_FMP_STOCK_SYMBOL","NO_FMP_STOCK_SYMBOL;NO_FMP_FINANCIAL_SYMBOL","296640.KQ",""
"297090","씨에스베어링","KOSDAQ","GENERAL","2019-11-21","false","NO_FMP_STOCK_SYMBOL","NO_FMP_STOCK_SYMBOL;NO_FMP_FINANCIAL_SYMBOL","297090.KQ",""
"297570","아틀라스링크","KOSDAQ","GENERAL","2018-07-20","false","NO_FMP_STOCK_SYMBOL","NO_FMP_STOCK_SYMBOL;NO_FMP_FINANCIAL_SYMBOL","297570.KQ",""
"297890","HB솔루션","KOSDAQ","GENERAL","2020-06-22","false","NO_FMP_STOCK_SYMBOL","NO_FMP_STOCK_SYMBOL;NO_FMP_FINANCIAL_SYMBOL","297890.KQ",""
"298060","풍전약품","KOSDAQ","GENERAL","2020-06-17","false","NO_FMP_STOCK_SYMBOL","NO_FMP_STOCK_SYMBOL;NO_FMP_FINANCIAL_SYMBOL","298060.KQ",""
"298830","슈어소프트테크","KOSDAQ","GENERAL","2023-04-28","false","NO_FMP_STOCK_SYMBOL","NO_FMP_STOCK_SYMBOL;NO_FMP_FINANCIAL_SYMBOL","298830.KQ",""
"299170","더블유에스아이","KOSDAQ","GENERAL","2018-09-21","false","NO_FMP_STOCK_SYMBOL","NO_FMP_STOCK_SYMBOL;NO_FMP_FINANCIAL_SYMBOL","299170.KQ",""
"300080","플리토","KOSDAQ","GENERAL","2019-07-17","false","NO_FMP_STOCK_SYMBOL","NO_FMP_STOCK_SYMBOL;NO_FMP_FINANCIAL_SYMBOL","300080.KQ",""
"300120","라온피플","KOSDAQ","GENERAL","2019-10-18","false","NO_FMP_STOCK_SYMBOL","NO_FMP_STOCK_SYMBOL;NO_FMP_FINANCIAL_SYMBOL","300120.KQ",""
"301300","바이브컴퍼니","KOSDAQ","GENERAL","2020-10-28","false","NO_FMP_STOCK_SYMBOL","NO_FMP_STOCK_SYMBOL;NO_FMP_FINANCIAL_SYMBOL","301300.KQ",""
"302430","이노메트리","KOSDAQ","GENERAL","2018-12-12","false","NO_FMP_STOCK_SYMBOL","NO_FMP_STOCK_SYMBOL;NO_FMP_FINANCIAL_SYMBOL","302430.KQ",""
"302550","리메드","KOSDAQ","GENERAL","2019-12-06","false","NO_FMP_STOCK_SYMBOL","NO_FMP_STOCK_SYMBOL;NO_FMP_FINANCIAL_SYMBOL","302550.KQ",""
"303030","지니틱스","KOSDAQ","GENERAL","2018-08-30","false","NO_FMP_STOCK_SYMBOL","NO_FMP_STOCK_SYMBOL;NO_FMP_FINANCIAL_SYMBOL","303030.KQ",""
"303360","프로티아","KOSDAQ","GENERAL","2023-06-16","false","NO_FMP_STOCK_SYMBOL","NO_FMP_STOCK_SYMBOL;NO_FMP_FINANCIAL_SYMBOL","303360.KQ",""
"303530","이노뎁","KOSDAQ","GENERAL","2021-06-18","false","NO_FMP_STOCK_SYMBOL","NO_FMP_STOCK_SYMBOL;NO_FMP_FINANCIAL_SYMBOL","303530.KQ",""
"303810","동국생명과학","KOSDAQ","GENERAL","2025-02-17","false","NO_FMP_FINANCIAL_SYMBOL","NO_FMP_FINANCIAL_SYMBOL","303810.KQ","303810.KQ"
"304360","에스바이오메딕스","KOSDAQ","GENERAL","2023-05-04","false","NO_FMP_STOCK_SYMBOL","NO_FMP_STOCK_SYMBOL;NO_FMP_FINANCIAL_SYMBOL","304360.KQ",""
"304840","피플바이오","KOSDAQ","GENERAL","2020-10-19","false","NO_FMP_STOCK_SYMBOL","NO_FMP_STOCK_SYMBOL;NO_FMP_FINANCIAL_SYMBOL","304840.KQ",""
"305090","마이크로디지탈","KOSDAQ","GENERAL","2019-06-05","false","NO_FMP_STOCK_SYMBOL","NO_FMP_STOCK_SYMBOL;NO_FMP_FINANCIAL_SYMBOL","305090.KQ",""
"306040","에스제이그룹","KOSDAQ","GENERAL","2019-11-18","false","NO_FMP_STOCK_SYMBOL","NO_FMP_STOCK_SYMBOL;NO_FMP_FINANCIAL_SYMBOL","306040.KQ",""
"306620","지아이에스","KOSDAQ","GENERAL","2018-10-31","false","NO_FMP_STOCK_SYMBOL","NO_FMP_STOCK_SYMBOL;NO_FMP_FINANCIAL_SYMBOL","306620.KQ",""
"307180","아이엘","KOSDAQ","GENERAL","2018-12-21","false","NO_FMP_STOCK_SYMBOL","NO_FMP_STOCK_SYMBOL;NO_FMP_FINANCIAL_SYMBOL","307180.KQ",""
"307280","원바이오젠","KOSDAQ","GENERAL","2018-12-05","false","NO_FMP_STOCK_SYMBOL","NO_FMP_STOCK_SYMBOL;NO_FMP_FINANCIAL_SYMBOL","307280.KQ",""
"307750","국전","KOSDAQ","GENERAL","2018-12-19","false","NO_FMP_STOCK_SYMBOL","NO_FMP_STOCK_SYMBOL;NO_FMP_FINANCIAL_SYMBOL","307750.KQ",""
"307870","비투엔","KOSDAQ","GENERAL","2018-12-12","false","NO_FMP_STOCK_SYMBOL","NO_FMP_STOCK_SYMBOL;NO_FMP_FINANCIAL_SYMBOL","307870.KQ",""
"307930","컴퍼니케이","KOSDAQ","GENERAL","2019-05-23","false","NO_FMP_STOCK_SYMBOL","NO_FMP_STOCK_SYMBOL;NO_FMP_FINANCIAL_SYMBOL","307930.KQ",""
"308080","바이젠셀","KOSDAQ","GENERAL","2021-08-25","false","NO_FMP_STOCK_SYMBOL","NO_FMP_STOCK_SYMBOL;NO_FMP_FINANCIAL_SYMBOL","308080.KQ",""
"308100","형지글로벌","KOSDAQ","GENERAL","2019-06-10","false","NO_FMP_STOCK_SYMBOL","NO_FMP_STOCK_SYMBOL;NO_FMP_FINANCIAL_SYMBOL","308100.KQ",""
"308430","셀비온","KOSDAQ","GENERAL","2024-10-16","false","NO_FMP_STOCK_SYMBOL","NO_FMP_STOCK_SYMBOL;NO_FMP_FINANCIAL_SYMBOL","308430.KQ",""
"309710","아이티켐","KOSDAQ","GENERAL","2025-08-07","false","NO_FMP_FINANCIAL_SYMBOL","NO_FMP_FINANCIAL_SYMBOL","309710.KQ","309710.KQ"
"309930","조이웍스앤코","KOSDAQ","GENERAL","2018-12-20","false","NO_FMP_STOCK_SYMBOL","NO_FMP_STOCK_SYMBOL;NO_FMP_FINANCIAL_SYMBOL","309930.KQ",""
"309960","LB인베스트먼트","KOSDAQ","GENERAL","2023-03-29","false","NO_FMP_STOCK_SYMBOL","NO_FMP_STOCK_SYMBOL;NO_FMP_FINANCIAL_SYMBOL","309960.KQ",""
"310200","애니플러스","KOSDAQ","GENERAL","2018-12-21","false","NO_FMP_STOCK_SYMBOL","NO_FMP_STOCK_SYMBOL;NO_FMP_FINANCIAL_SYMBOL","310200.KQ",""
"310870","디와이씨","KOSDAQ","GENERAL","2018-12-20","false","NO_FMP_STOCK_SYMBOL","NO_FMP_STOCK_SYMBOL;NO_FMP_FINANCIAL_SYMBOL","310870.KQ",""
"311320","지오엘리먼트","KOSDAQ","GENERAL","2021-11-11","false","NO_FMP_STOCK_SYMBOL","NO_FMP_STOCK_SYMBOL;NO_FMP_FINANCIAL_SYMBOL","311320.KQ",""
"311390","네오크레마","KOSDAQ","GENERAL","2019-08-22","false","NO_FMP_STOCK_SYMBOL","NO_FMP_STOCK_SYMBOL;NO_FMP_FINANCIAL_SYMBOL","311390.KQ",""
"311690","CJ 바이오사이언스","KOSDAQ","GENERAL","2019-12-26","false","NO_FMP_STOCK_SYMBOL","NO_FMP_STOCK_SYMBOL;NO_FMP_FINANCIAL_SYMBOL","311690.KQ",""
"312610","에이에프더블류","KOSDAQ","GENERAL","2019-07-01","false","NO_FMP_STOCK_SYMBOL","NO_FMP_STOCK_SYMBOL;NO_FMP_FINANCIAL_SYMBOL","312610.KQ",""
"313760","캐리","KOSDAQ","GENERAL","2019-07-25","false","NO_FMP_STOCK_SYMBOL","NO_FMP_STOCK_SYMBOL;NO_FMP_FINANCIAL_SYMBOL","313760.KQ",""
"314130","지놈앤컴퍼니","KOSDAQ","GENERAL","2020-12-23","false","NO_FMP_STOCK_SYMBOL","NO_FMP_STOCK_SYMBOL;NO_FMP_FINANCIAL_SYMBOL","314130.KQ",""
"314140","알피바이오","KOSDAQ","GENERAL","2022-09-29","false","NO_FMP_STOCK_SYMBOL","NO_FMP_STOCK_SYMBOL;NO_FMP_FINANCIAL_SYMBOL","314140.KQ",""
"314930","바이오다인","KOSDAQ","GENERAL","2021-03-17","false","NO_FMP_STOCK_SYMBOL","NO_FMP_STOCK_SYMBOL;NO_FMP_FINANCIAL_SYMBOL","314930.KQ",""
"315640","딥노이드","KOSDAQ","GENERAL","2021-08-17","false","NO_FMP_STOCK_SYMBOL","NO_FMP_STOCK_SYMBOL;NO_FMP_FINANCIAL_SYMBOL","315640.KQ",""
"317120","라닉스","KOSDAQ","GENERAL","2019-09-18","false","NO_FMP_STOCK_SYMBOL","NO_FMP_STOCK_SYMBOL;NO_FMP_FINANCIAL_SYMBOL","317120.KQ",""
"317240","TS트릴리온","KOSDAQ","GENERAL","2019-04-29","false","NO_FMP_STOCK_SYMBOL","NO_FMP_STOCK_SYMBOL;NO_FMP_FINANCIAL_SYMBOL","317240.KQ",""
"317330","덕산테코피아","KOSDAQ","GENERAL","2019-08-02","false","NO_FMP_STOCK_SYMBOL","NO_FMP_STOCK_SYMBOL;NO_FMP_FINANCIAL_SYMBOL","317330.KQ",""
"317530","에피소드컴퍼니","KOSDAQ","GENERAL","2019-10-29","false","NO_FMP_STOCK_SYMBOL","NO_FMP_STOCK_SYMBOL;NO_FMP_FINANCIAL_SYMBOL","317530.KQ",""
"317690","퀀타매트릭스","KOSDAQ","GENERAL","2020-12-09","false","NO_FMP_STOCK_SYMBOL","NO_FMP_STOCK_SYMBOL;NO_FMP_FINANCIAL_SYMBOL","317690.KQ",""
"317770","엑스페릭스","KOSDAQ","GENERAL","2019-08-01","false","NO_FMP_STOCK_SYMBOL","NO_FMP_STOCK_SYMBOL;NO_FMP_FINANCIAL_SYMBOL","317770.KQ",""
"317830","에스피시스템스","KOSDAQ","GENERAL","2019-08-14","false","NO_FMP_STOCK_SYMBOL","NO_FMP_STOCK_SYMBOL;NO_FMP_FINANCIAL_SYMBOL","317830.KQ",""
"317850","대모","KOSDAQ","GENERAL","2019-07-24","false","NO_FMP_STOCK_SYMBOL","NO_FMP_STOCK_SYMBOL;NO_FMP_FINANCIAL_SYMBOL","317850.KQ",""
"317870","엔바이오니아","KOSDAQ","GENERAL","2019-10-24","false","NO_FMP_STOCK_SYMBOL","NO_FMP_STOCK_SYMBOL;NO_FMP_FINANCIAL_SYMBOL","317870.KQ",""
"318000","KBG","KOSDAQ","GENERAL","2019-08-01","false","NO_FMP_STOCK_SYMBOL","NO_FMP_STOCK_SYMBOL;NO_FMP_FINANCIAL_SYMBOL","318000.KQ",""
"318010","팜스빌","KOSDAQ","GENERAL","2019-10-22","false","NO_FMP_STOCK_SYMBOL","NO_FMP_STOCK_SYMBOL;NO_FMP_FINANCIAL_SYMBOL","318010.KQ",""
"318020","포인트모바일","KOSDAQ","GENERAL","2020-12-03","false","NO_FMP_STOCK_SYMBOL","NO_FMP_STOCK_SYMBOL;NO_FMP_FINANCIAL_SYMBOL","318020.KQ",""
"318060","그래피","KOSDAQ","GENERAL","2025-08-25","false","NO_FMP_STOCK_SYMBOL","NO_FMP_STOCK_SYMBOL;NO_FMP_FINANCIAL_SYMBOL","318060.KQ",""
"318160","셀바이오휴먼텍","KOSDAQ","GENERAL","2023-04-20","false","NO_FMP_STOCK_SYMBOL","NO_FMP_STOCK_SYMBOL;NO_FMP_FINANCIAL_SYMBOL","318160.KQ",""
"318410","비비씨","KOSDAQ","GENERAL","2020-09-21","false","NO_FMP_STOCK_SYMBOL","NO_FMP_STOCK_SYMBOL;NO_FMP_FINANCIAL_SYMBOL","318410.KQ",""
"319400","현대무벡스","KOSDAQ","GENERAL","2019-05-08","false","NO_FMP_STOCK_SYMBOL","NO_FMP_STOCK_SYMBOL;NO_FMP_FINANCIAL_SYMBOL","319400.KQ",""
"320000","한울반도체","KOSDAQ","GENERAL","2019-09-18","false","NO_FMP_STOCK_SYMBOL","NO_FMP_STOCK_SYMBOL;NO_FMP_FINANCIAL_SYMBOL","320000.KQ",""
"321260","프로이천","KOSDAQ","GENERAL","2019-05-31","false","NO_FMP_STOCK_SYMBOL","NO_FMP_STOCK_SYMBOL;NO_FMP_FINANCIAL_SYMBOL","321260.KQ",""
"321370","센서뷰","KOSDAQ","GENERAL","2023-07-19","false","NO_FMP_STOCK_SYMBOL","NO_FMP_STOCK_SYMBOL;NO_FMP_FINANCIAL_SYMBOL","321370.KQ",""
"321550","티움바이오","KOSDAQ","GENERAL","2019-11-22","false","NO_FMP_STOCK_SYMBOL","NO_FMP_STOCK_SYMBOL;NO_FMP_FINANCIAL_SYMBOL","321550.KQ",""
"321820","아티스트컴퍼니","KOSDAQ","GENERAL","2021-02-03","false","NO_FMP_STOCK_SYMBOL","NO_FMP_STOCK_SYMBOL;NO_FMP_FINANCIAL_SYMBOL","321820.KQ",""
"322180","LS티라유텍","KOSDAQ","GENERAL","2019-10-31","false","NO_FMP_STOCK_SYMBOL","NO_FMP_STOCK_SYMBOL;NO_FMP_FINANCIAL_SYMBOL","322180.KQ",""
"322310","오로스테크놀로지","KOSDAQ","GENERAL","2021-02-24","false","NO_FMP_STOCK_SYMBOL","NO_FMP_STOCK_SYMBOL;NO_FMP_FINANCIAL_SYMBOL","322310.KQ",""
"322780","코퍼스코리아","KOSDAQ","GENERAL","2019-05-31","false","NO_FMP_STOCK_SYMBOL","NO_FMP_STOCK_SYMBOL;NO_FMP_FINANCIAL_SYMBOL","322780.KQ",""
"323280","태성","KOSDAQ","GENERAL","2019-06-24","false","NO_FMP_STOCK_SYMBOL","NO_FMP_STOCK_SYMBOL;NO_FMP_FINANCIAL_SYMBOL","323280.KQ",""
"323350","다원넥스뷰","KOSDAQ","GENERAL","2024-06-11","false","NO_FMP_STOCK_SYMBOL","NO_FMP_STOCK_SYMBOL;NO_FMP_FINANCIAL_SYMBOL","323350.KQ",""
"327260","RF머트리얼즈","KOSDAQ","GENERAL","2019-12-24","false","NO_FMP_STOCK_SYMBOL","NO_FMP_STOCK_SYMBOL;NO_FMP_FINANCIAL_SYMBOL","327260.KQ",""
"328380","솔트웨어","KOSDAQ","GENERAL","2019-08-20","false","NO_FMP_STOCK_SYMBOL","NO_FMP_STOCK_SYMBOL;NO_FMP_FINANCIAL_SYMBOL","328380.KQ",""
"330350","위더스제약","KOSDAQ","GENERAL","2020-07-03","false","NO_FMP_STOCK_SYMBOL","NO_FMP_STOCK_SYMBOL;NO_FMP_FINANCIAL_SYMBOL","330350.KQ",""
"330730","스톤브릿지벤처스","KOSDAQ","GENERAL","2022-02-25","false","NO_FMP_STOCK_SYMBOL","NO_FMP_STOCK_SYMBOL;NO_FMP_FINANCIAL_SYMBOL","330730.KQ",""
"330860","네패스아크","KOSDAQ","GENERAL","2020-11-17","false","NO_FMP_STOCK_SYMBOL","NO_FMP_STOCK_SYMBOL;NO_FMP_FINANCIAL_SYMBOL","330860.KQ",""
"331380","포커스에이아이","KOSDAQ","GENERAL","2019-10-02","false","NO_FMP_STOCK_SYMBOL","NO_FMP_STOCK_SYMBOL;NO_FMP_FINANCIAL_SYMBOL","331380.KQ",""
"331520","밸로프","KOSDAQ","GENERAL","2019-10-29","false","NO_FMP_STOCK_SYMBOL","NO_FMP_STOCK_SYMBOL;NO_FMP_FINANCIAL_SYMBOL","331520.KQ",""
"331740","아우토크립트","KOSDAQ","GENERAL","2025-07-15","false","NO_FMP_STOCK_SYMBOL","NO_FMP_STOCK_SYMBOL;NO_FMP_FINANCIAL_SYMBOL","331740.KQ",""
"331920","셀레믹스","KOSDAQ","GENERAL","2020-08-21","false","NO_FMP_STOCK_SYMBOL","NO_FMP_STOCK_SYMBOL;NO_FMP_FINANCIAL_SYMBOL","331920.KQ",""
"332290","누보","KOSDAQ","GENERAL","2019-10-11","false","NO_FMP_STOCK_SYMBOL","NO_FMP_STOCK_SYMBOL;NO_FMP_FINANCIAL_SYMBOL","332290.KQ",""
"332370","아이디피","KOSDAQ","GENERAL","2020-08-24","false","NO_FMP_STOCK_SYMBOL","NO_FMP_STOCK_SYMBOL;NO_FMP_FINANCIAL_SYMBOL","332370.KQ",""
"332570","PS일렉트로닉스","KOSDAQ","GENERAL","2020-07-31","false","NO_FMP_STOCK_SYMBOL","NO_FMP_STOCK_SYMBOL;NO_FMP_FINANCIAL_SYMBOL","332570.KQ",""
"333050","이노테나","KOSDAQ","GENERAL","2019-10-31","false","NO_FMP_STOCK_SYMBOL","NO_FMP_STOCK_SYMBOL;NO_FMP_FINANCIAL_SYMBOL","333050.KQ",""
"333430","일승","KOSDAQ","GENERAL","2019-11-06","false","NO_FMP_STOCK_SYMBOL","NO_FMP_STOCK_SYMBOL;NO_FMP_FINANCIAL_SYMBOL","333430.KQ",""
"333620","엔시스","KOSDAQ","GENERAL","2021-04-01","false","NO_FMP_STOCK_SYMBOL","NO_FMP_STOCK_SYMBOL;NO_FMP_FINANCIAL_SYMBOL","333620.KQ",""
"334970","프레스티지바이오로직스","KOSDAQ","GENERAL","2021-03-11","false","NO_FMP_STOCK_SYMBOL","NO_FMP_STOCK_SYMBOL;NO_FMP_FINANCIAL_SYMBOL","334970.KQ",""
"335810","프리시젼바이오","KOSDAQ","GENERAL","2020-12-22","false","NO_FMP_STOCK_SYMBOL","NO_FMP_STOCK_SYMBOL;NO_FMP_FINANCIAL_SYMBOL","335810.KQ",""
"335870","윙스풋","KOSDAQ","GENERAL","2019-12-09","false","NO_FMP_STOCK_SYMBOL","NO_FMP_STOCK_SYMBOL;NO_FMP_FINANCIAL_SYMBOL","335870.KQ",""
"336060","웨이버스","KOSDAQ","GENERAL","2019-11-28","false","NO_FMP_STOCK_SYMBOL","NO_FMP_STOCK_SYMBOL;NO_FMP_FINANCIAL_SYMBOL","336060.KQ",""
"336680","탑런토탈솔루션","KOSDAQ","GENERAL","2024-11-01","false","NO_FMP_STOCK_SYMBOL","NO_FMP_STOCK_SYMBOL;NO_FMP_FINANCIAL_SYMBOL","336680.KQ",""
"337930","젝시믹스","KOSDAQ","GENERAL","2020-08-13","false","NO_FMP_STOCK_SYMBOL","NO_FMP_STOCK_SYMBOL;NO_FMP_FINANCIAL_SYMBOL","337930.KQ",""
"338840","와이바이오로직스","KOSDAQ","GENERAL","2023-12-05","false","NO_FMP_STOCK_SYMBOL","NO_FMP_STOCK_SYMBOL;NO_FMP_FINANCIAL_SYMBOL","338840.KQ",""
"339950","아이비김영","KOSDAQ","GENERAL","2019-12-24","false","NO_FMP_STOCK_SYMBOL","NO_FMP_STOCK_SYMBOL;NO_FMP_FINANCIAL_SYMBOL","339950.KQ",""
"340360","다보링크","KOSDAQ","GENERAL","2019-12-19","false","NO_FMP_STOCK_SYMBOL","NO_FMP_STOCK_SYMBOL;NO_FMP_FINANCIAL_SYMBOL","340360.KQ",""
"340440","세림B&G","KOSDAQ","GENERAL","2019-12-27","false","NO_FMP_STOCK_SYMBOL","NO_FMP_STOCK_SYMBOL;NO_FMP_FINANCIAL_SYMBOL","340440.KQ",""
"340450","지씨지놈","KOSDAQ","GENERAL","2025-06-11","false","NO_FMP_FINANCIAL_SYMBOL","NO_FMP_FINANCIAL_SYMBOL","340450.KQ","340450.KQ"
"340810","시선AI","KOSDAQ","GENERAL","2023-05-19","false","NO_FMP_STOCK_SYMBOL","NO_FMP_STOCK_SYMBOL;NO_FMP_FINANCIAL_SYMBOL","340810.KQ",""
"340930","성원에너텍","KOSDAQ","GENERAL","2021-02-25","false","NO_FMP_STOCK_SYMBOL","NO_FMP_STOCK_SYMBOL;NO_FMP_FINANCIAL_SYMBOL","340930.KQ",""
"342870","오아","KOSDAQ","GENERAL","2025-09-09","true","NO_FMP_STOCK_SYMBOL","NO_FMP_STOCK_SYMBOL;NO_FMP_FINANCIAL_SYMBOL","342870.KQ",""
"344860","이노진","KOSDAQ","GENERAL","2023-02-20","false","NO_FMP_STOCK_SYMBOL","NO_FMP_STOCK_SYMBOL;NO_FMP_FINANCIAL_SYMBOL","344860.KQ",""
"347000","센코","KOSDAQ","GENERAL","2020-10-29","false","NO_FMP_STOCK_SYMBOL","NO_FMP_STOCK_SYMBOL;NO_FMP_FINANCIAL_SYMBOL","347000.KQ",""
"347700","스피어","KOSDAQ","GENERAL","2021-03-23","false","QUARTERLY_HISTORY_LT_3Y","QUARTERLY_HISTORY_LT_3Y","347700.KQ","347700.KQ"
"347740","피엔케이피부임상연구센타","KOSDAQ","GENERAL","2020-09-09","false","NO_FMP_STOCK_SYMBOL","NO_FMP_STOCK_SYMBOL;NO_FMP_FINANCIAL_SYMBOL","347740.KQ",""
"347770","핌스","KOSDAQ","GENERAL","2020-09-18","false","NO_FMP_STOCK_SYMBOL","NO_FMP_STOCK_SYMBOL;NO_FMP_FINANCIAL_SYMBOL","347770.KQ",""
"347860","알체라","KOSDAQ","GENERAL","2020-12-21","false","NO_FMP_STOCK_SYMBOL","NO_FMP_STOCK_SYMBOL;NO_FMP_FINANCIAL_SYMBOL","347860.KQ",""
"347890","엠엑스온","KOSDAQ","GENERAL","2020-07-29","false","NO_FMP_STOCK_SYMBOL","NO_FMP_STOCK_SYMBOL;NO_FMP_FINANCIAL_SYMBOL","347890.KQ",""
"348030","모비릭스","KOSDAQ","GENERAL","2021-01-28","false","NO_FMP_STOCK_SYMBOL","NO_FMP_STOCK_SYMBOL;NO_FMP_FINANCIAL_SYMBOL","348030.KQ",""
"348080","큐라티스","KOSDAQ","GENERAL","2023-06-15","false","NO_FMP_STOCK_SYMBOL","NO_FMP_STOCK_SYMBOL;NO_FMP_FINANCIAL_SYMBOL","348080.KQ",""
"348150","고바이오랩","KOSDAQ","GENERAL","2020-11-18","false","NO_FMP_STOCK_SYMBOL","NO_FMP_STOCK_SYMBOL;NO_FMP_FINANCIAL_SYMBOL","348150.KQ",""
"348350","위드텍","KOSDAQ","GENERAL","2020-10-30","false","NO_FMP_STOCK_SYMBOL","NO_FMP_STOCK_SYMBOL;NO_FMP_FINANCIAL_SYMBOL","348350.KQ",""
"351320","넥사다이내믹스","KOSDAQ","GENERAL","2020-06-22","false","NO_FMP_STOCK_SYMBOL","NO_FMP_STOCK_SYMBOL;NO_FMP_FINANCIAL_SYMBOL","351320.KQ",""
"351330","이삭엔지니어링","KOSDAQ","GENERAL","2021-04-21","false","NO_FMP_STOCK_SYMBOL","NO_FMP_STOCK_SYMBOL;NO_FMP_FINANCIAL_SYMBOL","351330.KQ",""
"351870","차이커뮤니케이션","KOSDAQ","GENERAL","2024-09-27","false","NO_FMP_STOCK_SYMBOL","NO_FMP_STOCK_SYMBOL;NO_FMP_FINANCIAL_SYMBOL","351870.KQ",""
"352090","스톰테크","KOSDAQ","GENERAL","2023-11-20","false","NO_FMP_STOCK_SYMBOL","NO_FMP_STOCK_SYMBOL;NO_FMP_FINANCIAL_SYMBOL","352090.KQ",""
"352480","씨앤씨인터내셔널","KOSDAQ","GENERAL","2021-05-17","false","NO_FMP_STOCK_SYMBOL","NO_FMP_STOCK_SYMBOL;NO_FMP_FINANCIAL_SYMBOL","352480.KQ",""
"352700","씨앤투스","KOSDAQ","GENERAL","2021-01-28","false","NO_FMP_STOCK_SYMBOL","NO_FMP_STOCK_SYMBOL;NO_FMP_FINANCIAL_SYMBOL","352700.KQ",""
"352770","셀레스트라","KOSDAQ","GENERAL","2020-12-04","false","NO_FMP_STOCK_SYMBOL","NO_FMP_STOCK_SYMBOL;NO_FMP_FINANCIAL_SYMBOL","352770.KQ",""
"352910","오비고","KOSDAQ","GENERAL","2021-07-13","false","NO_FMP_STOCK_SYMBOL","NO_FMP_STOCK_SYMBOL;NO_FMP_FINANCIAL_SYMBOL","352910.KQ",""
"352940","인바이오","KOSDAQ","GENERAL","2020-12-11","false","NO_FMP_STOCK_SYMBOL","NO_FMP_STOCK_SYMBOL;NO_FMP_FINANCIAL_SYMBOL","352940.KQ",""
"353190","휴럼","KOSDAQ","GENERAL","2020-06-17","false","NO_FMP_STOCK_SYMBOL","NO_FMP_STOCK_SYMBOL;NO_FMP_FINANCIAL_SYMBOL","353190.KQ",""
"353590","오토앤","KOSDAQ","GENERAL","2022-01-20","false","NO_FMP_STOCK_SYMBOL","NO_FMP_STOCK_SYMBOL;NO_FMP_FINANCIAL_SYMBOL","353590.KQ",""
"354200","엔젠바이오","KOSDAQ","GENERAL","2020-12-10","false","NO_FMP_STOCK_SYMBOL","NO_FMP_STOCK_SYMBOL;NO_FMP_FINANCIAL_SYMBOL","354200.KQ",""
"354320","알멕","KOSDAQ","GENERAL","2023-06-30","false","NO_FMP_STOCK_SYMBOL","NO_FMP_STOCK_SYMBOL;NO_FMP_FINANCIAL_SYMBOL","354320.KQ",""
"355150","코스텍시스","KOSDAQ","GENERAL","2020-09-18","false","NO_FMP_STOCK_SYMBOL","NO_FMP_STOCK_SYMBOL;NO_FMP_FINANCIAL_SYMBOL","355150.KQ",""
"355390","크라우드웍스","KOSDAQ","GENERAL","2023-08-31","false","NO_FMP_STOCK_SYMBOL","NO_FMP_STOCK_SYMBOL;NO_FMP_FINANCIAL_SYMBOL","355390.KQ",""
"355690","에이텀","KOSDAQ","GENERAL","2023-12-01","false","NO_FMP_STOCK_SYMBOL","NO_FMP_STOCK_SYMBOL;NO_FMP_FINANCIAL_SYMBOL","355690.KQ",""
"356680","엑스게이트","KOSDAQ","GENERAL","2023-03-16","false","NO_FMP_STOCK_SYMBOL","NO_FMP_STOCK_SYMBOL;NO_FMP_FINANCIAL_SYMBOL","356680.KQ",""
"356860","티엘비","KOSDAQ","GENERAL","2020-12-14","false","NO_FMP_STOCK_SYMBOL","NO_FMP_STOCK_SYMBOL;NO_FMP_FINANCIAL_SYMBOL","356860.KQ",""
"356890","싸이버원","KOSDAQ","GENERAL","2021-03-11","false","NO_FMP_STOCK_SYMBOL","NO_FMP_STOCK_SYMBOL;NO_FMP_FINANCIAL_SYMBOL","356890.KQ",""
"357230","에이치피오","KOSDAQ","GENERAL","2021-05-14","false","NO_FMP_STOCK_SYMBOL","NO_FMP_STOCK_SYMBOL;NO_FMP_FINANCIAL_SYMBOL","357230.KQ",""
"357550","석경에이티","KOSDAQ","GENERAL","2020-12-23","false","NO_FMP_STOCK_SYMBOL","NO_FMP_STOCK_SYMBOL;NO_FMP_FINANCIAL_SYMBOL","357550.KQ",""
"357580","아모센스","KOSDAQ","GENERAL","2021-06-25","false","NO_FMP_STOCK_SYMBOL","NO_FMP_STOCK_SYMBOL;NO_FMP_FINANCIAL_SYMBOL","357580.KQ",""
"357880","SKAI","KOSDAQ","GENERAL","2021-11-10","false","NO_FMP_STOCK_SYMBOL","NO_FMP_STOCK_SYMBOL;NO_FMP_FINANCIAL_SYMBOL","357880.KQ",""
"359090","씨엔알리서치","KOSDAQ","GENERAL","2020-09-23","false","NO_FMP_STOCK_SYMBOL","NO_FMP_STOCK_SYMBOL;NO_FMP_FINANCIAL_SYMBOL","359090.KQ",""
"361390","제노코","KOSDAQ","GENERAL","2021-03-24","false","NO_FMP_STOCK_SYMBOL","NO_FMP_STOCK_SYMBOL;NO_FMP_FINANCIAL_SYMBOL","361390.KQ",""
"361570","알비더블유","KOSDAQ","GENERAL","2021-11-22","false","NO_FMP_STOCK_SYMBOL","NO_FMP_STOCK_SYMBOL;NO_FMP_FINANCIAL_SYMBOL","361570.KQ",""
"361670","삼영에스앤씨","KOSDAQ","GENERAL","2021-05-21","false","NO_FMP_STOCK_SYMBOL","NO_FMP_STOCK_SYMBOL;NO_FMP_FINANCIAL_SYMBOL","361670.KQ",""
"362320","청담글로벌","KOSDAQ","GENERAL","2022-06-03","false","NO_FMP_STOCK_SYMBOL","NO_FMP_STOCK_SYMBOL;NO_FMP_FINANCIAL_SYMBOL","362320.KQ",""
"362990","드림인사이트","KOSDAQ","GENERAL","2024-01-25","false","NO_FMP_STOCK_SYMBOL","NO_FMP_STOCK_SYMBOL;NO_FMP_FINANCIAL_SYMBOL","362990.KQ",""
"363250","진시스템","KOSDAQ","GENERAL","2021-05-26","false","NO_FMP_STOCK_SYMBOL","NO_FMP_STOCK_SYMBOL;NO_FMP_FINANCIAL_SYMBOL","363250.KQ",""
"363260","모비데이즈","KOSDAQ","GENERAL","2021-02-10","false","NO_FMP_STOCK_SYMBOL","NO_FMP_STOCK_SYMBOL;NO_FMP_FINANCIAL_SYMBOL","363260.KQ",""
"364950","에이아이코리아","KOSDAQ","GENERAL","2025-04-29","false","NO_FMP_STOCK_SYMBOL","NO_FMP_STOCK_SYMBOL;NO_FMP_FINANCIAL_SYMBOL","364950.KQ",""
"365270","큐라클","KOSDAQ","GENERAL","2021-07-22","false","NO_FMP_STOCK_SYMBOL","NO_FMP_STOCK_SYMBOL;NO_FMP_FINANCIAL_SYMBOL","365270.KQ",""
"365330","에스와이스틸텍","KOSDAQ","GENERAL","2023-11-13","false","NO_FMP_STOCK_SYMBOL","NO_FMP_STOCK_SYMBOL;NO_FMP_FINANCIAL_SYMBOL","365330.KQ",""
"365590","하이딥","KOSDAQ","GENERAL","2020-12-21","false","NO_FMP_STOCK_SYMBOL","NO_FMP_STOCK_SYMBOL;NO_FMP_FINANCIAL_SYMBOL","365590.KQ",""
"365660","레몬헬스케어","KOSDAQ","GENERAL","2026-07-06","true","NO_FMP_STOCK_SYMBOL","NO_FMP_STOCK_SYMBOL;NO_FMP_FINANCIAL_SYMBOL","365660.KQ",""
"365900","브이씨","KOSDAQ","GENERAL","2022-02-24","false","NO_FMP_STOCK_SYMBOL","NO_FMP_STOCK_SYMBOL;NO_FMP_FINANCIAL_SYMBOL","365900.KQ",""
"367000","플래티어","KOSDAQ","GENERAL","2021-08-12","false","NO_FMP_STOCK_SYMBOL","NO_FMP_STOCK_SYMBOL;NO_FMP_FINANCIAL_SYMBOL","367000.KQ",""
"368600","아이씨에이치","KOSDAQ","GENERAL","2022-07-29","false","NO_FMP_STOCK_SYMBOL","NO_FMP_STOCK_SYMBOL;NO_FMP_FINANCIAL_SYMBOL","368600.KQ",""
"368770","파이버프로","KOSDAQ","GENERAL","2021-01-21","false","NO_FMP_STOCK_SYMBOL","NO_FMP_STOCK_SYMBOL;NO_FMP_FINANCIAL_SYMBOL","368770.KQ",""
"368970","오에스피","KOSDAQ","GENERAL","2022-10-14","false","NO_FMP_STOCK_SYMBOL","NO_FMP_STOCK_SYMBOL;NO_FMP_FINANCIAL_SYMBOL","368970.KQ",""
"369370","블리츠웨이엔터테인먼트","KOSDAQ","REIT","2020-12-23","false","NO_FMP_STOCK_SYMBOL","NO_FMP_STOCK_SYMBOL;NO_FMP_FINANCIAL_SYMBOL","369370.KQ",""
"370090","퓨런티어","KOSDAQ","GENERAL","2022-02-23","false","NO_FMP_STOCK_SYMBOL","NO_FMP_STOCK_SYMBOL;NO_FMP_FINANCIAL_SYMBOL","370090.KQ",""
"371950","풍원정밀","KOSDAQ","GENERAL","2022-02-28","false","NO_FMP_STOCK_SYMBOL","NO_FMP_STOCK_SYMBOL;NO_FMP_FINANCIAL_SYMBOL","371950.KQ",""
"372320","큐로셀","KOSDAQ","GENERAL","2023-11-09","false","NO_FMP_STOCK_SYMBOL","NO_FMP_STOCK_SYMBOL;NO_FMP_FINANCIAL_SYMBOL","372320.KQ",""
"372800","아이티아이즈","KOSDAQ","GENERAL","2021-11-11","false","NO_FMP_STOCK_SYMBOL","NO_FMP_STOCK_SYMBOL;NO_FMP_FINANCIAL_SYMBOL","372800.KQ",""
"373160","데이원컴퍼니","KOSDAQ","GENERAL","2025-01-24","false","NO_FMP_STOCK_SYMBOL","NO_FMP_STOCK_SYMBOL;NO_FMP_FINANCIAL_SYMBOL","373160.KQ",""
"373170","엠아이큐브솔루션","KOSDAQ","GENERAL","2023-08-04","false","NO_FMP_STOCK_SYMBOL","NO_FMP_STOCK_SYMBOL;NO_FMP_FINANCIAL_SYMBOL","373170.KQ",""
"373200","엑스플러스","KOSDAQ","GENERAL","2021-02-26","false","NO_FMP_STOCK_SYMBOL","NO_FMP_STOCK_SYMBOL;NO_FMP_FINANCIAL_SYMBOL","373200.KQ",""
"376180","피코그램","KOSDAQ","GENERAL","2021-11-03","false","NO_FMP_STOCK_SYMBOL","NO_FMP_STOCK_SYMBOL;NO_FMP_FINANCIAL_SYMBOL","376180.KQ",""
"376270","HEM파마","KOSDAQ","GENERAL","2024-11-05","false","NO_FMP_STOCK_SYMBOL","NO_FMP_STOCK_SYMBOL;NO_FMP_FINANCIAL_SYMBOL","376270.KQ",""
"376290","씨유테크","KOSDAQ","GENERAL","2021-10-08","false","NO_FMP_STOCK_SYMBOL","NO_FMP_STOCK_SYMBOL;NO_FMP_FINANCIAL_SYMBOL","376290.KQ",""
"376900","로킷헬스케어","KOSDAQ","GENERAL","2025-05-12","false","NO_FMP_STOCK_SYMBOL","NO_FMP_STOCK_SYMBOL;NO_FMP_FINANCIAL_SYMBOL","376900.KQ",""
"376930","노을","KOSDAQ","GENERAL","2022-03-03","false","NO_FMP_STOCK_SYMBOL","NO_FMP_STOCK_SYMBOL;NO_FMP_FINANCIAL_SYMBOL","376930.KQ",""
"376980","원티드랩","KOSDAQ","GENERAL","2021-08-11","false","NO_FMP_STOCK_SYMBOL","NO_FMP_STOCK_SYMBOL;NO_FMP_FINANCIAL_SYMBOL","376980.KQ",""
"377030","비트맥스","KOSDAQ","GENERAL","2021-07-27","false","NO_FMP_FINANCIAL_SYMBOL","NO_FMP_FINANCIAL_SYMBOL","377030.KQ","377030.KQ"
"377220","프롬바이오","KOSDAQ","GENERAL","2021-09-28","false","NO_FMP_STOCK_SYMBOL","NO_FMP_STOCK_SYMBOL;NO_FMP_FINANCIAL_SYMBOL","377220.KQ",""
"377330","이지트로닉스","KOSDAQ","GENERAL","2022-02-04","false","NO_FMP_STOCK_SYMBOL","NO_FMP_STOCK_SYMBOL;NO_FMP_FINANCIAL_SYMBOL","377330.KQ",""
"377450","리파인","KOSDAQ","GENERAL","2021-10-29","false","NO_FMP_STOCK_SYMBOL","NO_FMP_STOCK_SYMBOL;NO_FMP_FINANCIAL_SYMBOL","377450.KQ",""
"377460","큐에이드","KOSDAQ","GENERAL","2022-06-23","false","NO_FMP_STOCK_SYMBOL","NO_FMP_STOCK_SYMBOL;NO_FMP_FINANCIAL_SYMBOL","377460.KQ",""
"377480","마음AI","KOSDAQ","GENERAL","2021-11-23","false","NO_FMP_STOCK_SYMBOL","NO_FMP_STOCK_SYMBOL;NO_FMP_FINANCIAL_SYMBOL","377480.KQ",""
"378340","필에너지","KOSDAQ","GENERAL","2023-07-14","false","NO_FMP_STOCK_SYMBOL","NO_FMP_STOCK_SYMBOL;NO_FMP_FINANCIAL_SYMBOL","378340.KQ",""
"378800","샤페론","KOSDAQ","GENERAL","2022-10-19","false","NO_FMP_STOCK_SYMBOL","NO_FMP_STOCK_SYMBOL;NO_FMP_FINANCIAL_SYMBOL","378800.KQ",""
"380540","옵티코어","KOSDAQ","GENERAL","2022-12-29","false","NO_FMP_STOCK_SYMBOL","NO_FMP_STOCK_SYMBOL;NO_FMP_FINANCIAL_SYMBOL","380540.KQ",""
"380550","뉴로핏","KOSDAQ","GENERAL","2025-07-25","false","NO_FMP_FINANCIAL_SYMBOL","NO_FMP_FINANCIAL_SYMBOL","380550.KQ","380550.KQ"
"381620","제닉스로보틱스","KOSDAQ","GENERAL","2024-09-30","false","NO_FMP_STOCK_SYMBOL","NO_FMP_STOCK_SYMBOL;NO_FMP_FINANCIAL_SYMBOL","381620.KQ",""
"382480","지아이텍","KOSDAQ","GENERAL","2021-10-21","false","NO_FMP_STOCK_SYMBOL","NO_FMP_STOCK_SYMBOL;NO_FMP_FINANCIAL_SYMBOL","382480.KQ",""
"382800","지앤비에스 에코","KOSDAQ","GENERAL","2021-10-29","false","NO_FMP_STOCK_SYMBOL","NO_FMP_STOCK_SYMBOL;NO_FMP_FINANCIAL_SYMBOL","382800.KQ",""
"382840","원준","KOSDAQ","GENERAL","2021-10-07","false","NO_FMP_STOCK_SYMBOL","NO_FMP_STOCK_SYMBOL;NO_FMP_FINANCIAL_SYMBOL","382840.KQ",""
"382900","범한퓨얼셀","KOSDAQ","GENERAL","2022-06-17","false","NO_FMP_STOCK_SYMBOL","NO_FMP_STOCK_SYMBOL;NO_FMP_FINANCIAL_SYMBOL","382900.KQ",""
"383930","디티앤씨알오","KOSDAQ","GENERAL","2022-11-11","false","NO_FMP_STOCK_SYMBOL","NO_FMP_STOCK_SYMBOL;NO_FMP_FINANCIAL_SYMBOL","383930.KQ",""
"384470","코어라인소프트","KOSDAQ","GENERAL","2023-09-18","false","NO_FMP_STOCK_SYMBOL","NO_FMP_STOCK_SYMBOL;NO_FMP_FINANCIAL_SYMBOL","384470.KQ",""
"387570","파인메딕스","KOSDAQ","GENERAL","2024-12-26","false","NO_FMP_STOCK_SYMBOL","NO_FMP_STOCK_SYMBOL;NO_FMP_FINANCIAL_SYMBOL","387570.KQ",""
"387690","레메디","KOSDAQ","GENERAL","2026-07-13","true","NO_FMP_STOCK_SYMBOL","NO_FMP_STOCK_SYMBOL;NO_FMP_FINANCIAL_SYMBOL","387690.KQ",""
"388050","지투파워","KOSDAQ","GENERAL","2022-04-01","false","NO_FMP_STOCK_SYMBOL","NO_FMP_STOCK_SYMBOL;NO_FMP_FINANCIAL_SYMBOL","388050.KQ",""
"388210","씨엠티엑스","KOSDAQ","GENERAL","2025-11-20","true","NO_FMP_STOCK_SYMBOL","NO_FMP_STOCK_SYMBOL;NO_FMP_FINANCIAL_SYMBOL","388210.KQ",""
"388610","지에프씨생명과학","KOSDAQ","GENERAL","2025-06-30","false","NO_FMP_STOCK_SYMBOL","NO_FMP_STOCK_SYMBOL;NO_FMP_FINANCIAL_SYMBOL","388610.KQ",""
"388720","유일로보틱스","KOSDAQ","GENERAL","2022-03-18","false","NO_FMP_STOCK_SYMBOL","NO_FMP_STOCK_SYMBOL;NO_FMP_FINANCIAL_SYMBOL","388720.KQ",""
"388790","라이콤","KOSDAQ","GENERAL","2021-09-03","false","NO_FMP_STOCK_SYMBOL","NO_FMP_STOCK_SYMBOL;NO_FMP_FINANCIAL_SYMBOL","388790.KQ",""
"388870","파로스아이바이오","KOSDAQ","GENERAL","2023-07-27","false","NO_FMP_STOCK_SYMBOL","NO_FMP_STOCK_SYMBOL;NO_FMP_FINANCIAL_SYMBOL","388870.KQ",""
"389020","자람테크놀로지","KOSDAQ","GENERAL","2023-03-07","false","NO_FMP_STOCK_SYMBOL","NO_FMP_STOCK_SYMBOL;NO_FMP_FINANCIAL_SYMBOL","389020.KQ",""
"389030","지니너스","KOSDAQ","GENERAL","2021-11-08","false","NO_FMP_STOCK_SYMBOL","NO_FMP_STOCK_SYMBOL;NO_FMP_FINANCIAL_SYMBOL","389030.KQ",""
"389140","포바이포","KOSDAQ","GENERAL","2022-04-28","false","NO_FMP_STOCK_SYMBOL","NO_FMP_STOCK_SYMBOL;NO_FMP_FINANCIAL_SYMBOL","389140.KQ",""
"389260","대명에너지","KOSDAQ","GENERAL","2022-05-16","false","NO_FMP_STOCK_SYMBOL","NO_FMP_STOCK_SYMBOL;NO_FMP_FINANCIAL_SYMBOL","389260.KQ",""
"389470","인벤티지랩","KOSDAQ","GENERAL","2022-11-22","false","NO_FMP_STOCK_SYMBOL","NO_FMP_STOCK_SYMBOL;NO_FMP_FINANCIAL_SYMBOL","389470.KQ",""
"389500","에스비비테크","KOSDAQ","GENERAL","2022-10-17","false","NO_FMP_STOCK_SYMBOL","NO_FMP_STOCK_SYMBOL;NO_FMP_FINANCIAL_SYMBOL","389500.KQ",""
"389650","넥스트바이오메디컬","KOSDAQ","GENERAL","2024-08-20","false","NO_FMP_STOCK_SYMBOL","NO_FMP_STOCK_SYMBOL;NO_FMP_FINANCIAL_SYMBOL","389650.KQ",""
"389680","유디엠텍","KOSDAQ","GENERAL","2024-11-20","false","NO_FMP_STOCK_SYMBOL","NO_FMP_STOCK_SYMBOL;NO_FMP_FINANCIAL_SYMBOL","389680.KQ",""
"391710","코닉오토메이션","KOSDAQ","GENERAL","2021-10-15","false","NO_FMP_STOCK_SYMBOL","NO_FMP_STOCK_SYMBOL;NO_FMP_FINANCIAL_SYMBOL","391710.KQ",""
"393210","토마토시스템","KOSDAQ","GENERAL","2023-04-27","false","NO_FMP_STOCK_SYMBOL","NO_FMP_STOCK_SYMBOL;NO_FMP_FINANCIAL_SYMBOL","393210.KQ",""
"393970","대진첨단소재","KOSDAQ","GENERAL","2025-03-06","false","NO_FMP_STOCK_SYMBOL","NO_FMP_STOCK_SYMBOL;NO_FMP_FINANCIAL_SYMBOL","393970.KQ",""
"394280","오픈엣지테크놀로지","KOSDAQ","GENERAL","2022-09-26","false","NO_FMP_STOCK_SYMBOL","NO_FMP_STOCK_SYMBOL;NO_FMP_FINANCIAL_SYMBOL","394280.KQ",""
"394420","리센스메디컬","KOSDAQ","GENERAL","2026-03-31","true","NO_FMP_STOCK_SYMBOL","NO_FMP_STOCK_SYMBOL;NO_FMP_FINANCIAL_SYMBOL","394420.KQ",""
"394800","쓰리빌리언","KOSDAQ","GENERAL","2024-11-14","false","NO_FMP_STOCK_SYMBOL","NO_FMP_STOCK_SYMBOL;NO_FMP_FINANCIAL_SYMBOL","394800.KQ",""
"396270","넥스트칩","KOSDAQ","GENERAL","2022-07-01","false","NO_FMP_STOCK_SYMBOL","NO_FMP_STOCK_SYMBOL;NO_FMP_FINANCIAL_SYMBOL","396270.KQ",""
"396300","세아메카닉스","KOSDAQ","GENERAL","2022-03-24","false","NO_FMP_STOCK_SYMBOL","NO_FMP_STOCK_SYMBOL;NO_FMP_FINANCIAL_SYMBOL","396300.KQ",""
"396470","워트","KOSDAQ","GENERAL","2023-10-26","false","NO_FMP_STOCK_SYMBOL","NO_FMP_STOCK_SYMBOL;NO_FMP_FINANCIAL_SYMBOL","396470.KQ",""
"397030","에이프릴바이오","KOSDAQ","GENERAL","2022-07-28","false","NO_FMP_STOCK_SYMBOL","NO_FMP_STOCK_SYMBOL;NO_FMP_FINANCIAL_SYMBOL","397030.KQ",""
"397810","애드포러스","KOSDAQ","GENERAL","2025-08-22","false","NO_FMP_STOCK_SYMBOL","NO_FMP_STOCK_SYMBOL;NO_FMP_FINANCIAL_SYMBOL","397810.KQ",""
"398120","에스지헬스케어","KOSDAQ","GENERAL","2024-12-19","false","NO_FMP_STOCK_SYMBOL","NO_FMP_STOCK_SYMBOL;NO_FMP_FINANCIAL_SYMBOL","398120.KQ",""
"399720","가온칩스","KOSDAQ","GENERAL","2022-05-20","false","NO_FMP_STOCK_SYMBOL","NO_FMP_STOCK_SYMBOL;NO_FMP_FINANCIAL_SYMBOL","399720.KQ",""
"402030","코난테크놀로지","KOSDAQ","GENERAL","2022-07-07","false","NO_FMP_STOCK_SYMBOL","NO_FMP_STOCK_SYMBOL;NO_FMP_FINANCIAL_SYMBOL","402030.KQ",""
"402490","그린리소스","KOSDAQ","GENERAL","2023-11-24","false","NO_FMP_STOCK_SYMBOL","NO_FMP_STOCK_SYMBOL;NO_FMP_FINANCIAL_SYMBOL","402490.KQ",""
"403490","우듬지팜","KOSDAQ","GENERAL","2023-09-19","false","NO_FMP_STOCK_SYMBOL","NO_FMP_STOCK_SYMBOL;NO_FMP_FINANCIAL_SYMBOL","403490.KQ",""
"403850","더핑크퐁컴퍼니","KOSDAQ","GENERAL","2025-11-18","true","NO_FMP_STOCK_SYMBOL","NO_FMP_STOCK_SYMBOL;NO_FMP_FINANCIAL_SYMBOL","403850.KQ",""
"405000","플라즈맵","KOSDAQ","GENERAL","2022-10-21","false","NO_FMP_STOCK_SYMBOL","NO_FMP_STOCK_SYMBOL;NO_FMP_FINANCIAL_SYMBOL","405000.KQ",""
"405100","큐알티","KOSDAQ","GENERAL","2022-11-02","false","NO_FMP_STOCK_SYMBOL","NO_FMP_STOCK_SYMBOL;NO_FMP_FINANCIAL_SYMBOL","405100.KQ",""
"405920","나라셀라","KOSDAQ","GENERAL","2023-06-02","false","NO_FMP_STOCK_SYMBOL","NO_FMP_STOCK_SYMBOL;NO_FMP_FINANCIAL_SYMBOL","405920.KQ",""
"406820","뷰티스킨","KOSDAQ","GENERAL","2023-07-24","false","NO_FMP_STOCK_SYMBOL","NO_FMP_STOCK_SYMBOL;NO_FMP_FINANCIAL_SYMBOL","406820.KQ",""
"407400","꿈비","KOSDAQ","GENERAL","2023-02-09","false","NO_FMP_STOCK_SYMBOL","NO_FMP_STOCK_SYMBOL;NO_FMP_FINANCIAL_SYMBOL","407400.KQ",""
"408470","한패스","KOSDAQ","GENERAL","2026-03-25","true","NO_FMP_STOCK_SYMBOL","NO_FMP_STOCK_SYMBOL;NO_FMP_FINANCIAL_SYMBOL","408470.KQ",""
"408900","스튜디오미르","KOSDAQ","GENERAL","2023-02-07","false","NO_FMP_STOCK_SYMBOL","NO_FMP_STOCK_SYMBOL;NO_FMP_FINANCIAL_SYMBOL","408900.KQ",""
"408920","메쎄이상","KOSDAQ","GENERAL","2022-03-07","false","NO_FMP_STOCK_SYMBOL","NO_FMP_STOCK_SYMBOL;NO_FMP_FINANCIAL_SYMBOL","408920.KQ",""
"411080","샌즈랩","KOSDAQ","GENERAL","2023-02-15","false","NO_FMP_STOCK_SYMBOL","NO_FMP_STOCK_SYMBOL;NO_FMP_FINANCIAL_SYMBOL","411080.KQ",""
"412350","레이저쎌","KOSDAQ","GENERAL","2022-06-24","false","NO_FMP_STOCK_SYMBOL","NO_FMP_STOCK_SYMBOL;NO_FMP_FINANCIAL_SYMBOL","412350.KQ",""
"412540","제일엠앤에스","KOSDAQ","GENERAL","2024-04-30","false","QUARTERLY_HISTORY_LT_3Y","QUARTERLY_HISTORY_LT_3Y","412540.KQ","412540.KQ"
"413390","엠오티","KOSDAQ","GENERAL","2024-11-18","false","NO_FMP_STOCK_SYMBOL","NO_FMP_STOCK_SYMBOL;NO_FMP_FINANCIAL_SYMBOL","413390.KQ",""
"413630","씨피시스템","KOSDAQ","GENERAL","2022-03-31","false","NO_FMP_STOCK_SYMBOL","NO_FMP_STOCK_SYMBOL;NO_FMP_FINANCIAL_SYMBOL","413630.KQ",""
"413640","비아이매트릭스","KOSDAQ","GENERAL","2023-11-09","false","NO_FMP_STOCK_SYMBOL","NO_FMP_STOCK_SYMBOL;NO_FMP_FINANCIAL_SYMBOL","413640.KQ",""
"415380","스튜디오삼익","KOSDAQ","GENERAL","2024-02-06","false","NO_FMP_STOCK_SYMBOL","NO_FMP_STOCK_SYMBOL;NO_FMP_FINANCIAL_SYMBOL","415380.KQ",""
"416180","신성에스티","KOSDAQ","GENERAL","2023-10-19","false","NO_FMP_STOCK_SYMBOL","NO_FMP_STOCK_SYMBOL;NO_FMP_FINANCIAL_SYMBOL","416180.KQ",""
"417030","니어스랩","KOSDAQ","GENERAL","2026-08-24","true","NO_FMP_STOCK_SYMBOL","NO_FMP_STOCK_SYMBOL;NO_FMP_FINANCIAL_SYMBOL","417030.KQ",""
"417180","핑거스토리","KOSDAQ","GENERAL","2022-12-08","false","NO_FMP_STOCK_SYMBOL","NO_FMP_STOCK_SYMBOL;NO_FMP_FINANCIAL_SYMBOL","417180.KQ",""
"417200","LS머트리얼즈","KOSDAQ","GENERAL","2023-12-12","false","NO_FMP_STOCK_SYMBOL","NO_FMP_STOCK_SYMBOL;NO_FMP_FINANCIAL_SYMBOL","417200.KQ",""
"417500","제이아이테크","KOSDAQ","GENERAL","2022-11-04","false","NO_FMP_STOCK_SYMBOL","NO_FMP_STOCK_SYMBOL;NO_FMP_FINANCIAL_SYMBOL","417500.KQ",""
"417790","트루엔","KOSDAQ","GENERAL","2023-05-17","false","NO_FMP_STOCK_SYMBOL","NO_FMP_STOCK_SYMBOL;NO_FMP_FINANCIAL_SYMBOL","417790.KQ",""
"417840","저스템","KOSDAQ","GENERAL","2022-10-28","false","NO_FMP_STOCK_SYMBOL","NO_FMP_STOCK_SYMBOL;NO_FMP_FINANCIAL_SYMBOL","417840.KQ",""
"417860","오브젠","KOSDAQ","GENERAL","2023-01-30","false","NO_FMP_STOCK_SYMBOL","NO_FMP_STOCK_SYMBOL;NO_FMP_FINANCIAL_SYMBOL","417860.KQ",""
"417970","모델솔루션","KOSDAQ","GENERAL","2022-10-07","false","NO_FMP_STOCK_SYMBOL","NO_FMP_STOCK_SYMBOL;NO_FMP_FINANCIAL_SYMBOL","417970.KQ",""
"418250","시큐레터","KOSDAQ","GENERAL","2023-08-24","false","NO_FMP_STOCK_SYMBOL","NO_FMP_STOCK_SYMBOL;NO_FMP_FINANCIAL_SYMBOL","418250.KQ",""
"418420","라온텍","KOSDAQ","GENERAL","2023-03-09","false","NO_FMP_STOCK_SYMBOL","NO_FMP_STOCK_SYMBOL;NO_FMP_FINANCIAL_SYMBOL","418420.KQ",""
"418470","KT밀리의서재","KOSDAQ","GENERAL","2023-09-27","false","NO_FMP_STOCK_SYMBOL","NO_FMP_STOCK_SYMBOL;NO_FMP_FINANCIAL_SYMBOL","418470.KQ",""
"419050","삼기에너지솔루션즈","KOSDAQ","GENERAL","2023-02-03","false","NO_FMP_STOCK_SYMBOL","NO_FMP_STOCK_SYMBOL;NO_FMP_FINANCIAL_SYMBOL","419050.KQ",""
"419080","엔젯","KOSDAQ","GENERAL","2022-11-18","false","NO_FMP_STOCK_SYMBOL","NO_FMP_STOCK_SYMBOL;NO_FMP_FINANCIAL_SYMBOL","419080.KQ",""
"419120","산돌","KOSDAQ","GENERAL","2022-10-27","false","NO_FMP_STOCK_SYMBOL","NO_FMP_STOCK_SYMBOL;NO_FMP_FINANCIAL_SYMBOL","419120.KQ",""
"419530","SAMG엔터","KOSDAQ","GENERAL","2022-12-06","false","NO_FMP_STOCK_SYMBOL","NO_FMP_STOCK_SYMBOL;NO_FMP_FINANCIAL_SYMBOL","419530.KQ",""
"419540","비스토스","KOSDAQ","GENERAL","2022-10-18","false","NO_FMP_STOCK_SYMBOL","NO_FMP_STOCK_SYMBOL;NO_FMP_FINANCIAL_SYMBOL","419540.KQ",""
"420570","제이투케이바이오","KOSDAQ","GENERAL","2024-03-25","false","NO_FMP_STOCK_SYMBOL","NO_FMP_STOCK_SYMBOL;NO_FMP_FINANCIAL_SYMBOL","420570.KQ",""
"424760","벨로크","KOSDAQ","GENERAL","2022-07-22","false","NO_FMP_STOCK_SYMBOL","NO_FMP_STOCK_SYMBOL;NO_FMP_FINANCIAL_SYMBOL","424760.KQ",""
"424870","이뮨온시아","KOSDAQ","GENERAL","2025-05-19","false","NO_FMP_STOCK_SYMBOL","NO_FMP_STOCK_SYMBOL;NO_FMP_FINANCIAL_SYMBOL","424870.KQ",""
"424960","스마트레이더시스템","KOSDAQ","GENERAL","2023-08-22","false","NO_FMP_STOCK_SYMBOL","NO_FMP_STOCK_SYMBOL;NO_FMP_FINANCIAL_SYMBOL","424960.KQ",""
"424980","마이크로투나노","KOSDAQ","GENERAL","2023-04-26","false","NO_FMP_STOCK_SYMBOL","NO_FMP_STOCK_SYMBOL;NO_FMP_FINANCIAL_SYMBOL","424980.KQ",""
"425040","티이엠씨","KOSDAQ","GENERAL","2023-01-19","false","NO_FMP_STOCK_SYMBOL","NO_FMP_STOCK_SYMBOL;NO_FMP_FINANCIAL_SYMBOL","425040.KQ",""
"425420","티에프이","KOSDAQ","GENERAL","2022-11-17","false","NO_FMP_STOCK_SYMBOL","NO_FMP_STOCK_SYMBOL;NO_FMP_FINANCIAL_SYMBOL","425420.KQ",""
"429270","시지트로닉스","KOSDAQ","GENERAL","2023-08-03","false","NO_FMP_STOCK_SYMBOL","NO_FMP_STOCK_SYMBOL;NO_FMP_FINANCIAL_SYMBOL","429270.KQ",""
"430690","한싹","KOSDAQ","GENERAL","2023-10-04","false","NO_FMP_STOCK_SYMBOL","NO_FMP_STOCK_SYMBOL;NO_FMP_FINANCIAL_SYMBOL","430690.KQ",""
"431190","케이쓰리아이","KOSDAQ","GENERAL","2024-08-20","false","QUARTERLY_HISTORY_LT_3Y","QUARTERLY_HISTORY_LT_3Y","431190.KQ","431190.KQ"
"432430","와이랩","KOSDAQ","GENERAL","2023-07-20","false","NO_FMP_STOCK_SYMBOL","NO_FMP_STOCK_SYMBOL;NO_FMP_FINANCIAL_SYMBOL","432430.KQ",""
"432470","케이엔에스","KOSDAQ","GENERAL","2023-12-06","false","NO_FMP_STOCK_SYMBOL","NO_FMP_STOCK_SYMBOL;NO_FMP_FINANCIAL_SYMBOL","432470.KQ",""
"432720","퀄리타스반도체","KOSDAQ","GENERAL","2023-10-27","false","NO_FMP_STOCK_SYMBOL","NO_FMP_STOCK_SYMBOL;NO_FMP_FINANCIAL_SYMBOL","432720.KQ",""
"432980","엠에프씨","KOSDAQ","GENERAL","2024-12-26","false","NO_FMP_STOCK_SYMBOL","NO_FMP_STOCK_SYMBOL;NO_FMP_FINANCIAL_SYMBOL","432980.KQ",""
"434480","모니터랩","KOSDAQ","GENERAL","2023-05-19","false","NO_FMP_STOCK_SYMBOL","NO_FMP_STOCK_SYMBOL;NO_FMP_FINANCIAL_SYMBOL","434480.KQ",""
"435570","에르코스","KOSDAQ","GENERAL","2025-02-28","false","NO_FMP_STOCK_SYMBOL","NO_FMP_STOCK_SYMBOL;NO_FMP_FINANCIAL_SYMBOL","435570.KQ",""
"438700","버넥트","KOSDAQ","GENERAL","2023-07-26","false","NO_FMP_STOCK_SYMBOL","NO_FMP_STOCK_SYMBOL;NO_FMP_FINANCIAL_SYMBOL","438700.KQ",""
"439090","마녀공장","KOSDAQ","GENERAL","2023-06-08","false","NO_FMP_STOCK_SYMBOL","NO_FMP_STOCK_SYMBOL;NO_FMP_FINANCIAL_SYMBOL","439090.KQ",""
"439580","블루엠텍","KOSDAQ","GENERAL","2023-12-13","false","NO_FMP_STOCK_SYMBOL","NO_FMP_STOCK_SYMBOL;NO_FMP_FINANCIAL_SYMBOL","439580.KQ",""
"439960","코스모로보틱스","KOSDAQ","GENERAL","2026-05-11","true","QUARTERLY_HISTORY_LT_3Y","QUARTERLY_HISTORY_LT_3Y","439960.KQ","439960.KQ"
"440110","파두","KOSDAQ","GENERAL","2023-08-07","false","NO_FMP_STOCK_SYMBOL","NO_FMP_STOCK_SYMBOL;NO_FMP_FINANCIAL_SYMBOL","440110.KQ",""
"440290","HB인베스트먼트","KOSDAQ","GENERAL","2024-01-25","false","NO_FMP_STOCK_SYMBOL","NO_FMP_STOCK_SYMBOL;NO_FMP_FINANCIAL_SYMBOL","440290.KQ",""
"440320","오픈놀","KOSDAQ","GENERAL","2023-06-30","false","NO_FMP_STOCK_SYMBOL","NO_FMP_STOCK_SYMBOL;NO_FMP_FINANCIAL_SYMBOL","440320.KQ",""
"443250","레뷰코퍼레이션","KOSDAQ","GENERAL","2023-10-06","false","NO_FMP_STOCK_SYMBOL","NO_FMP_STOCK_SYMBOL;NO_FMP_FINANCIAL_SYMBOL","443250.KQ",""
"443670","에스피소프트","KOSDAQ","GENERAL","2024-02-15","false","NO_FMP_STOCK_SYMBOL","NO_FMP_STOCK_SYMBOL;NO_FMP_FINANCIAL_SYMBOL","443670.KQ",""
"444530","심플랫폼","KOSDAQ","GENERAL","2025-03-21","false","NO_FMP_FINANCIAL_SYMBOL","NO_FMP_FINANCIAL_SYMBOL","444530.KQ","444530.KQ"
"445090","에이직랜드","KOSDAQ","GENERAL","2023-11-13","false","NO_FMP_STOCK_SYMBOL","NO_FMP_STOCK_SYMBOL;NO_FMP_FINANCIAL_SYMBOL","445090.KQ",""
"445180","퓨릿","KOSDAQ","GENERAL","2023-10-18","false","NO_FMP_STOCK_SYMBOL","NO_FMP_STOCK_SYMBOL;NO_FMP_FINANCIAL_SYMBOL","445180.KQ",""
"445680","큐리옥스바이오시스템즈","KOSDAQ","GENERAL","2023-08-10","false","NO_FMP_STOCK_SYMBOL","NO_FMP_STOCK_SYMBOL;NO_FMP_FINANCIAL_SYMBOL","445680.KQ",""
"446540","메가터치","KOSDAQ","GENERAL","2023-11-09","false","NO_FMP_STOCK_SYMBOL","NO_FMP_STOCK_SYMBOL;NO_FMP_FINANCIAL_SYMBOL","446540.KQ",""
"446840","지슨","KOSDAQ","GENERAL","2023-05-17","false","NO_FMP_STOCK_SYMBOL","NO_FMP_STOCK_SYMBOL;NO_FMP_FINANCIAL_SYMBOL","446840.KQ",""
"448280","에코아이","KOSDAQ","GENERAL","2023-11-21","false","NO_FMP_STOCK_SYMBOL","NO_FMP_STOCK_SYMBOL;NO_FMP_FINANCIAL_SYMBOL","448280.KQ",""
"448710","코츠테크놀로지","KOSDAQ","GENERAL","2023-08-10","false","NO_FMP_STOCK_SYMBOL","NO_FMP_STOCK_SYMBOL;NO_FMP_FINANCIAL_SYMBOL","448710.KQ",""
"448900","한국피아이엠","KOSDAQ","GENERAL","2025-04-04","false","NO_FMP_STOCK_SYMBOL","NO_FMP_STOCK_SYMBOL;NO_FMP_FINANCIAL_SYMBOL","448900.KQ",""
"450520","인스웨이브","KOSDAQ","GENERAL","2023-09-25","false","NO_FMP_STOCK_SYMBOL","NO_FMP_STOCK_SYMBOL;NO_FMP_FINANCIAL_SYMBOL","450520.KQ",""
"450950","아스테라시스","KOSDAQ","GENERAL","2025-01-24","false","NO_FMP_STOCK_SYMBOL","NO_FMP_STOCK_SYMBOL;NO_FMP_FINANCIAL_SYMBOL","450950.KQ",""
"451220","아이엠티","KOSDAQ","GENERAL","2023-10-10","false","NO_FMP_STOCK_SYMBOL","NO_FMP_STOCK_SYMBOL;NO_FMP_FINANCIAL_SYMBOL","451220.KQ",""
"451250","삐아","KOSDAQ","GENERAL","2024-04-25","false","NO_FMP_STOCK_SYMBOL","NO_FMP_STOCK_SYMBOL;NO_FMP_FINANCIAL_SYMBOL","451250.KQ",""
"451760","컨텍","KOSDAQ","GENERAL","2023-11-09","false","NO_FMP_STOCK_SYMBOL","NO_FMP_STOCK_SYMBOL;NO_FMP_FINANCIAL_SYMBOL","451760.KQ",""
"452160","제이엔비","KOSDAQ","GENERAL","2023-11-24","false","NO_FMP_STOCK_SYMBOL","NO_FMP_STOCK_SYMBOL;NO_FMP_FINANCIAL_SYMBOL","452160.KQ",""
"452190","한빛레이저","KOSDAQ","GENERAL","2024-01-04","false","NO_FMP_STOCK_SYMBOL","NO_FMP_STOCK_SYMBOL;NO_FMP_FINANCIAL_SYMBOL","452190.KQ",""
"452280","한선엔지니어링","KOSDAQ","GENERAL","2023-11-24","false","NO_FMP_STOCK_SYMBOL","NO_FMP_STOCK_SYMBOL;NO_FMP_FINANCIAL_SYMBOL","452280.KQ",""
"452300","캡스톤파트너스","KOSDAQ","GENERAL","2023-11-15","false","NO_FMP_STOCK_SYMBOL","NO_FMP_STOCK_SYMBOL;NO_FMP_FINANCIAL_SYMBOL","452300.KQ",""
"452400","이닉스","KOSDAQ","GENERAL","2024-02-01","false","NO_FMP_STOCK_SYMBOL","NO_FMP_STOCK_SYMBOL;NO_FMP_FINANCIAL_SYMBOL","452400.KQ",""
"452430","사피엔반도체","KOSDAQ","GENERAL","2024-02-19","false","NO_FMP_STOCK_SYMBOL","NO_FMP_STOCK_SYMBOL;NO_FMP_FINANCIAL_SYMBOL","452430.KQ",""
"452450","피아이이","KOSDAQ","GENERAL","2025-02-04","false","NO_FMP_STOCK_SYMBOL","NO_FMP_STOCK_SYMBOL;NO_FMP_FINANCIAL_SYMBOL","452450.KQ",""
"453450","그리드위즈","KOSDAQ","GENERAL","2024-06-14","false","QUARTERLY_HISTORY_LT_3Y","QUARTERLY_HISTORY_LT_3Y","453450.KQ","453450.KQ"
"453860","에이에스텍","KOSDAQ","GENERAL","2023-11-28","false","NO_FMP_STOCK_SYMBOL","NO_FMP_STOCK_SYMBOL;NO_FMP_FINANCIAL_SYMBOL","453860.KQ",""
"455180","케이지에이","KOSDAQ","GENERAL","2025-06-17","false","NO_FMP_STOCK_SYMBOL","NO_FMP_STOCK_SYMBOL;NO_FMP_FINANCIAL_SYMBOL","455180.KQ",""
"456070","이엔셀","KOSDAQ","GENERAL","2024-08-23","false","QUARTERLY_HISTORY_LT_3Y","QUARTERLY_HISTORY_LT_3Y","456070.KQ","456070.KQ"
"456160","지투지바이오","KOSDAQ","GENERAL","2025-08-14","false","NO_FMP_STOCK_SYMBOL","NO_FMP_STOCK_SYMBOL;NO_FMP_FINANCIAL_SYMBOL","456160.KQ",""
"457370","한켐","KOSDAQ","GENERAL","2024-10-22","false","NO_FMP_STOCK_SYMBOL","NO_FMP_STOCK_SYMBOL;NO_FMP_FINANCIAL_SYMBOL","457370.KQ",""
"457550","우진엔텍","KOSDAQ","GENERAL","2024-01-24","false","NO_FMP_STOCK_SYMBOL","NO_FMP_STOCK_SYMBOL;NO_FMP_FINANCIAL_SYMBOL","457550.KQ",""
"457600","벡트","KOSDAQ","GENERAL","2024-12-16","false","QUARTERLY_HISTORY_LT_3Y","QUARTERLY_HISTORY_LT_3Y","457600.KQ","457600.KQ"
"458350","에스팀","KOSDAQ","GENERAL","2026-03-06","true","NO_FMP_STOCK_SYMBOL","NO_FMP_STOCK_SYMBOL;NO_FMP_FINANCIAL_SYMBOL","458350.KQ",""
"458650","성우","KOSDAQ","GENERAL","2024-10-31","false","NO_FMP_STOCK_SYMBOL","NO_FMP_STOCK_SYMBOL;NO_FMP_FINANCIAL_SYMBOL","458650.KQ",""
"458870","씨어스","KOSDAQ","GENERAL","2024-06-19","false","QUARTERLY_HISTORY_LT_3Y","QUARTERLY_HISTORY_LT_3Y","458870.KQ","458870.KQ"
"459100","위츠","KOSDAQ","GENERAL","2024-11-20","false","NO_FMP_STOCK_SYMBOL","NO_FMP_STOCK_SYMBOL;NO_FMP_FINANCIAL_SYMBOL","459100.KQ",""
"459510","나우로보틱스","KOSDAQ","GENERAL","2025-05-08","false","NO_FMP_STOCK_SYMBOL","NO_FMP_STOCK_SYMBOL;NO_FMP_FINANCIAL_SYMBOL","459510.KQ",""
"459550","알트","KOSDAQ","GENERAL","2025-11-17","true","NO_FMP_STOCK_SYMBOL","NO_FMP_STOCK_SYMBOL;NO_FMP_FINANCIAL_SYMBOL","459550.KQ",""
"460470","아이빔테크놀로지","KOSDAQ","GENERAL","2024-08-06","false","QUARTERLY_HISTORY_LT_3Y","QUARTERLY_HISTORY_LT_3Y","460470.KQ","460470.KQ"
"460870","에스엠씨지","KOSDAQ","GENERAL","2025-03-07","false","NO_FMP_STOCK_SYMBOL","NO_FMP_STOCK_SYMBOL;NO_FMP_FINANCIAL_SYMBOL","460870.KQ",""
"460930","현대힘스","KOSDAQ","GENERAL","2024-01-26","false","NO_FMP_STOCK_SYMBOL","NO_FMP_STOCK_SYMBOL;NO_FMP_FINANCIAL_SYMBOL","460930.KQ",""
"460940","피앤에스로보틱스","KOSDAQ","GENERAL","2024-07-31","false","QUARTERLY_HISTORY_LT_3Y","QUARTERLY_HISTORY_LT_3Y","460940.KQ","460940.KQ"
"461300","아이스크림미디어","KOSDAQ","GENERAL","2024-08-30","false","QUARTERLY_HISTORY_LT_3Y","QUARTERLY_HISTORY_LT_3Y","461300.KQ","461300.KQ"
"462310","뉴키즈온","KOSDAQ","GENERAL","2025-07-09","false","NO_FMP_STOCK_SYMBOL","NO_FMP_STOCK_SYMBOL;NO_FMP_FINANCIAL_SYMBOL","462310.KQ",""
"462350","이노스페이스","KOSDAQ","GENERAL","2024-07-02","false","NO_FMP_STOCK_SYMBOL","NO_FMP_STOCK_SYMBOL;NO_FMP_FINANCIAL_SYMBOL","462350.KQ",""
"462510","라메디텍","KOSDAQ","GENERAL","2024-06-17","false","QUARTERLY_HISTORY_LT_3Y","QUARTERLY_HISTORY_LT_3Y","462510.KQ","462510.KQ"
"462860","더즌","KOSDAQ","GENERAL","2025-03-24","false","QUARTERLY_HISTORY_LT_3Y","QUARTERLY_HISTORY_LT_3Y","462860.KQ","462860.KQ"
"462980","아이지넷","KOSDAQ","GENERAL","2025-02-04","false","NO_FMP_STOCK_SYMBOL","NO_FMP_STOCK_SYMBOL;NO_FMP_FINANCIAL_SYMBOL","462980.KQ",""
"463020","뉴엔AI","KOSDAQ","GENERAL","2025-07-04","false","NO_FMP_STOCK_SYMBOL","NO_FMP_STOCK_SYMBOL;NO_FMP_FINANCIAL_SYMBOL","463020.KQ",""
"463480","모티브링크","KOSDAQ","GENERAL","2025-02-20","false","NO_FMP_FINANCIAL_SYMBOL","NO_FMP_FINANCIAL_SYMBOL","463480.KQ","463480.KQ"
"464080","에스오에스랩","KOSDAQ","GENERAL","2024-06-25","false","QUARTERLY_HISTORY_LT_3Y","QUARTERLY_HISTORY_LT_3Y","464080.KQ","464080.KQ"
"464280","티디에스팜","KOSDAQ","GENERAL","2024-08-21","false","QUARTERLY_HISTORY_LT_3Y","QUARTERLY_HISTORY_LT_3Y","464280.KQ","464280.KQ"
"464490","쿼드메디슨","KOSDAQ","GENERAL","2025-12-12","true","NO_FMP_STOCK_SYMBOL","NO_FMP_STOCK_SYMBOL;NO_FMP_FINANCIAL_SYMBOL","464490.KQ",""
"464500","아이언디바이스","KOSDAQ","GENERAL","2024-09-23","false","NO_FMP_STOCK_SYMBOL","NO_FMP_STOCK_SYMBOL;NO_FMP_FINANCIAL_SYMBOL","464500.KQ",""
"464580","닷밀","KOSDAQ","GENERAL","2024-11-13","false","NO_FMP_STOCK_SYMBOL","NO_FMP_STOCK_SYMBOL;NO_FMP_FINANCIAL_SYMBOL","464580.KQ",""
"465320","교보15호스팩","KOSDAQ","SPAC","2023-12-05","false","NO_FMP_STOCK_SYMBOL","NO_FMP_STOCK_SYMBOL;NO_FMP_FINANCIAL_SYMBOL","465320.KQ",""
"465480","인스피언","KOSDAQ","GENERAL","2024-10-18","false","NO_FMP_STOCK_SYMBOL","NO_FMP_STOCK_SYMBOL;NO_FMP_FINANCIAL_SYMBOL","465480.KQ",""
"466100","클로봇","KOSDAQ","GENERAL","2024-10-28","false","NO_FMP_STOCK_SYMBOL","NO_FMP_STOCK_SYMBOL;NO_FMP_FINANCIAL_SYMBOL","466100.KQ",""
"466410","사이냅소프트","KOSDAQ","GENERAL","2024-11-19","false","NO_FMP_STOCK_SYMBOL","NO_FMP_STOCK_SYMBOL;NO_FMP_FINANCIAL_SYMBOL","466410.KQ",""
"466690","키움히어로제1호스팩","KOSDAQ","SPAC","2025-12-12","true","NO_FMP_STOCK_SYMBOL","NO_FMP_STOCK_SYMBOL;NO_FMP_FINANCIAL_SYMBOL","466690.KQ",""
"468530","프로티나","KOSDAQ","GENERAL","2025-07-29","false","NO_FMP_FINANCIAL_SYMBOL","NO_FMP_FINANCIAL_SYMBOL","468530.KQ","468530.KQ"
"468760","유진스팩10호","KOSDAQ","SPAC","2024-02-29","false","ANNUAL_HISTORY_LT_3Y","ANNUAL_HISTORY_LT_3Y;QUARTERLY_HISTORY_LT_3Y","468760.KQ","468760.KQ"
"469480","IBKS제24호스팩","KOSDAQ","SPAC","2024-02-01","false","NO_FMP_STOCK_SYMBOL","NO_FMP_STOCK_SYMBOL;NO_FMP_FINANCIAL_SYMBOL","469480.KQ",""
"469610","이노테크","KOSDAQ","GENERAL","2025-11-07","true","NO_FMP_STOCK_SYMBOL","NO_FMP_STOCK_SYMBOL;NO_FMP_FINANCIAL_SYMBOL","469610.KQ",""
"469750","아이비젼웍스","KOSDAQ","GENERAL","2024-09-03","false","NO_FMP_STOCK_SYMBOL","NO_FMP_STOCK_SYMBOL;NO_FMP_FINANCIAL_SYMBOL","469750.KQ",""
"469900","하나31호스팩","KOSDAQ","SPAC","2024-03-05","false","QUARTERLY_HISTORY_LT_3Y","QUARTERLY_HISTORY_LT_3Y","469900.KQ","469900.KQ"
"471820","셀로맥스사이언스","KOSDAQ","GENERAL","2024-12-13","false","NO_FMP_STOCK_SYMBOL","NO_FMP_STOCK_SYMBOL;NO_FMP_FINANCIAL_SYMBOL","471820.KQ",""
"472220","신영스팩10호","KOSDAQ","SPAC","2024-02-06","false","NO_FMP_STOCK_SYMBOL","NO_FMP_STOCK_SYMBOL;NO_FMP_FINANCIAL_SYMBOL","472220.KQ",""
"472230","SK증권제11호스팩","KOSDAQ","SPAC","2024-03-04","false","QUARTERLY_HISTORY_LT_3Y","QUARTERLY_HISTORY_LT_3Y","472230.KQ","472230.KQ"
"472850","폰드그룹","KOSDAQ","GENERAL","2024-02-02","false","NO_FMP_STOCK_SYMBOL","NO_FMP_STOCK_SYMBOL;NO_FMP_FINANCIAL_SYMBOL","472850.KQ",""
"473000","SK증권제12호스팩","KOSDAQ","SPAC","2024-05-07","false","QUARTERLY_HISTORY_LT_3Y","QUARTERLY_HISTORY_LT_3Y","473000.KQ","473000.KQ"
"473050","유안타제15호스팩","KOSDAQ","SPAC","2024-02-29","false","QUARTERLY_HISTORY_LT_3Y","QUARTERLY_HISTORY_LT_3Y","473050.KQ","473050.KQ"
"473950","SK증권제13호스팩","KOSDAQ","SPAC","2024-07-25","false","QUARTERLY_HISTORY_LT_3Y","QUARTERLY_HISTORY_LT_3Y","473950.KQ","473950.KQ"
"473980","노머스","KOSDAQ","GENERAL","2024-11-12","false","NO_FMP_STOCK_SYMBOL","NO_FMP_STOCK_SYMBOL;NO_FMP_FINANCIAL_SYMBOL","473980.KQ",""
"474170","루미르","KOSDAQ","GENERAL","2024-10-21","false","NO_FMP_STOCK_SYMBOL","NO_FMP_STOCK_SYMBOL;NO_FMP_FINANCIAL_SYMBOL","474170.KQ",""
"474490","유안타제16호스팩","KOSDAQ","SPAC","2024-05-02","false","QUARTERLY_HISTORY_LT_3Y","QUARTERLY_HISTORY_LT_3Y","474490.KQ","474490.KQ"
"474610","RF시스템즈","KOSDAQ","GENERAL","2024-11-19","false","NO_FMP_STOCK_SYMBOL","NO_FMP_STOCK_SYMBOL;NO_FMP_FINANCIAL_SYMBOL","474610.KQ",""
"474650","링크솔루션","KOSDAQ","GENERAL","2025-06-10","false","NO_FMP_FINANCIAL_SYMBOL","NO_FMP_FINANCIAL_SYMBOL","474650.KQ","474650.KQ"
"474660","신한제12호스팩","KOSDAQ","SPAC","2024-04-15","false","QUARTERLY_HISTORY_LT_3Y","QUARTERLY_HISTORY_LT_3Y","474660.KQ","474660.KQ"
"474930","신한제13호스팩","KOSDAQ","SPAC","2024-04-22","false","ANNUAL_HISTORY_LT_3Y","ANNUAL_HISTORY_LT_3Y;QUARTERLY_HISTORY_LT_3Y","474930.KQ","474930.KQ"
"475040","스트라드비젼","KOSDAQ","GENERAL","2026-06-30","true","NO_FMP_STOCK_SYMBOL","NO_FMP_STOCK_SYMBOL;NO_FMP_FINANCIAL_SYMBOL","475040.KQ",""
"475230","엔알비","KOSDAQ","GENERAL","2025-07-28","false","NO_FMP_FINANCIAL_SYMBOL","NO_FMP_FINANCIAL_SYMBOL","475230.KQ","475230.KQ"
"475240","하나32호스팩","KOSDAQ","SPAC","2024-03-27","false","ANNUAL_HISTORY_LT_3Y","ANNUAL_HISTORY_LT_3Y;QUARTERLY_HISTORY_LT_3Y","475240.KQ","475240.KQ"
"475250","하나33호스팩","KOSDAQ","SPAC","2024-04-24","false","ANNUAL_HISTORY_LT_3Y","ANNUAL_HISTORY_LT_3Y;QUARTERLY_HISTORY_LT_3Y","475250.KQ","475250.KQ"
"475400","씨메스로보틱스","KOSDAQ","GENERAL","2024-10-24","false","NO_FMP_STOCK_SYMBOL","NO_FMP_STOCK_SYMBOL;NO_FMP_FINANCIAL_SYMBOL","475400.KQ",""
"475430","키스트론","KOSDAQ","GENERAL","2025-06-02","false","NO_FMP_STOCK_SYMBOL","NO_FMP_STOCK_SYMBOL;NO_FMP_FINANCIAL_SYMBOL","475430.KQ",""
"475460","미트박스","KOSDAQ","GENERAL","2025-01-23","false","NO_FMP_STOCK_SYMBOL","NO_FMP_STOCK_SYMBOL;NO_FMP_FINANCIAL_SYMBOL","475460.KQ",""
"475580","에이럭스","KOSDAQ","GENERAL","2024-11-01","false","NO_FMP_STOCK_SYMBOL","NO_FMP_STOCK_SYMBOL;NO_FMP_FINANCIAL_SYMBOL","475580.KQ",""
"475660","에스켐","KOSDAQ","GENERAL","2024-11-18","false","NO_FMP_STOCK_SYMBOL","NO_FMP_STOCK_SYMBOL;NO_FMP_FINANCIAL_SYMBOL","475660.KQ",""
"475960","토모큐브","KOSDAQ","GENERAL","2024-11-07","false","NO_FMP_STOCK_SYMBOL","NO_FMP_STOCK_SYMBOL;NO_FMP_FINANCIAL_SYMBOL","475960.KQ",""
"476040","오가노이드사이언스","KOSDAQ","GENERAL","2025-05-09","false","NO_FMP_STOCK_SYMBOL","NO_FMP_STOCK_SYMBOL;NO_FMP_FINANCIAL_SYMBOL","476040.KQ",""
"476080","M83","KOSDAQ","GENERAL","2024-08-22","false","QUARTERLY_HISTORY_LT_3Y","QUARTERLY_HISTORY_LT_3Y","476080.KQ","476080.KQ"
"476830","알지노믹스","KOSDAQ","GENERAL","2025-12-18","true","NO_FMP_STOCK_SYMBOL","NO_FMP_STOCK_SYMBOL;NO_FMP_FINANCIAL_SYMBOL","476830.KQ",""
"477340","에이치엠씨제7호스팩","KOSDAQ","SPAC","2024-06-24","false","ANNUAL_HISTORY_LT_3Y","ANNUAL_HISTORY_LT_3Y;QUARTERLY_HISTORY_LT_3Y","477340.KQ","477340.KQ"
"477380","미래에셋비전스팩4호","KOSDAQ","SPAC","2024-05-29","false","ANNUAL_HISTORY_LT_3Y","ANNUAL_HISTORY_LT_3Y;QUARTERLY_HISTORY_LT_3Y","477380.KQ","477380.KQ"
"477470","미래에셋비전스팩5호","KOSDAQ","SPAC","2024-06-19","false","ANNUAL_HISTORY_LT_3Y","ANNUAL_HISTORY_LT_3Y;QUARTERLY_HISTORY_LT_3Y","477470.KQ","477470.KQ"
"477760","디비금융스팩12호","KOSDAQ","SPAC","2024-06-18","false","ANNUAL_HISTORY_LT_3Y","ANNUAL_HISTORY_LT_3Y;QUARTERLY_HISTORY_LT_3Y","477760.KQ","477760.KQ"
"477850","마키나락스","KOSDAQ","GENERAL","2026-05-20","true","QUARTERLY_HISTORY_LT_3Y","QUARTERLY_HISTORY_LT_3Y","477850.KQ","477850.KQ"
"478110","이베스트스팩6호","KOSDAQ","SPAC","2024-07-12","false","ANNUAL_HISTORY_LT_3Y","ANNUAL_HISTORY_LT_3Y;QUARTERLY_HISTORY_LT_3Y","478110.KQ","478110.KQ"
"478340","나라스페이스테크놀로지","KOSDAQ","GENERAL","2025-12-17","true","NO_FMP_STOCK_SYMBOL","NO_FMP_STOCK_SYMBOL;NO_FMP_FINANCIAL_SYMBOL","478340.KQ",""
"478390","KB제29호스팩","KOSDAQ","SPAC","2024-06-21","false","ANNUAL_HISTORY_LT_3Y","ANNUAL_HISTORY_LT_3Y;QUARTERLY_HISTORY_LT_3Y","478390.KQ","478390.KQ"
"478440","미래에셋비전스팩6호","KOSDAQ","SPAC","2024-06-24","false","ANNUAL_HISTORY_LT_3Y","ANNUAL_HISTORY_LT_3Y;QUARTERLY_HISTORY_LT_3Y","478440.KQ","478440.KQ"
"478560","블랙야크아이앤씨","KOSDAQ","GENERAL","2025-01-21","false","NO_FMP_STOCK_SYMBOL","NO_FMP_STOCK_SYMBOL;NO_FMP_FINANCIAL_SYMBOL","478560.KQ",""
"479880","한국제15호스팩","KOSDAQ","SPAC","2024-06-26","false","ANNUAL_HISTORY_LT_3Y","ANNUAL_HISTORY_LT_3Y;QUARTERLY_HISTORY_LT_3Y","479880.KQ","479880.KQ"
"479960","위너스일렉","KOSDAQ","GENERAL","2025-02-24","false","NO_FMP_STOCK_SYMBOL","NO_FMP_STOCK_SYMBOL;NO_FMP_FINANCIAL_SYMBOL","479960.KQ",""
"481070","에이유브랜즈","KOSDAQ","GENERAL","2025-04-03","false","NO_FMP_FINANCIAL_SYMBOL","NO_FMP_FINANCIAL_SYMBOL","481070.KQ","481070.KQ"
"481890","엔에이치스팩31호","KOSDAQ","SPAC","2024-07-26","false","ANNUAL_HISTORY_LT_3Y","ANNUAL_HISTORY_LT_3Y;QUARTERLY_HISTORY_LT_3Y","481890.KQ","481890.KQ"
"482520","교보16호스팩","KOSDAQ","SPAC","2024-08-13","false","ANNUAL_HISTORY_LT_3Y","ANNUAL_HISTORY_LT_3Y;QUARTERLY_HISTORY_LT_3Y","482520.KQ","482520.KQ"
"482630","삼양엔씨켐","KOSDAQ","GENERAL","2025-02-03","false","NO_FMP_STOCK_SYMBOL","NO_FMP_STOCK_SYMBOL;NO_FMP_FINANCIAL_SYMBOL","482630.KQ",""
"482680","미래에셋비전스팩7호","KOSDAQ","SPAC","2024-09-11","false","NO_FMP_STOCK_SYMBOL","NO_FMP_STOCK_SYMBOL;NO_FMP_FINANCIAL_SYMBOL","482680.KQ",""
"482690","대신밸런스제19호스팩","KOSDAQ","SPAC","2024-11-20","false","NO_FMP_STOCK_SYMBOL","NO_FMP_STOCK_SYMBOL;NO_FMP_FINANCIAL_SYMBOL","482690.KQ",""
"483350","딜리셔스","KOSDAQ","GENERAL","2026-08-12","true","NO_FMP_STOCK_SYMBOL","NO_FMP_STOCK_SYMBOL;NO_FMP_FINANCIAL_SYMBOL","483350.KQ",""
"484120","도우인시스","KOSDAQ","GENERAL","2025-07-23","false","NO_FMP_STOCK_SYMBOL","NO_FMP_STOCK_SYMBOL;NO_FMP_FINANCIAL_SYMBOL","484120.KQ",""
"484130","하나34호스팩","KOSDAQ","SPAC","2024-11-19","false","NO_FMP_STOCK_SYMBOL","NO_FMP_STOCK_SYMBOL;NO_FMP_FINANCIAL_SYMBOL","484130.KQ",""
"484590","삼양컴텍","KOSDAQ","GENERAL","2025-08-18","false","QUARTERLY_HISTORY_LT_3Y","QUARTERLY_HISTORY_LT_3Y","484590.KQ","484590.KQ"
"484810","티엑스알로보틱스","KOSDAQ","GENERAL","2025-03-20","false","QUARTERLY_HISTORY_LT_3Y","QUARTERLY_HISTORY_LT_3Y","484810.KQ","484810.KQ"
"486630","KB제30호스팩","KOSDAQ","SPAC","2024-09-25","false","NO_FMP_STOCK_SYMBOL","NO_FMP_STOCK_SYMBOL;NO_FMP_FINANCIAL_SYMBOL","486630.KQ",""
"486990","노타","KOSDAQ","GENERAL","2025-11-03","true","NO_FMP_STOCK_SYMBOL","NO_FMP_STOCK_SYMBOL;NO_FMP_FINANCIAL_SYMBOL","486990.KQ",""
"487360","신한제14호스팩","KOSDAQ","SPAC","2024-12-23","false","NO_FMP_STOCK_SYMBOL","NO_FMP_STOCK_SYMBOL;NO_FMP_FINANCIAL_SYMBOL","487360.KQ",""
"487400","케이앤에스아이앤씨","KOSDAQ","GENERAL","2026-08-13","true","NO_FMP_FINANCIAL_SYMBOL","NO_FMP_FINANCIAL_SYMBOL","487400.KQ","487400.KQ"
"487580","폴레드","KOSDAQ","GENERAL","2026-05-14","true","NO_FMP_STOCK_SYMBOL","NO_FMP_STOCK_SYMBOL;NO_FMP_FINANCIAL_SYMBOL","487580.KQ",""
"487720","키움제10호스팩","KOSDAQ","SPAC","2024-12-20","false","NO_FMP_STOCK_SYMBOL","NO_FMP_STOCK_SYMBOL;NO_FMP_FINANCIAL_SYMBOL","487720.KQ",""
"487830","신한제15호스팩","KOSDAQ","SPAC","2024-11-15","false","NO_FMP_STOCK_SYMBOL","NO_FMP_STOCK_SYMBOL;NO_FMP_FINANCIAL_SYMBOL","487830.KQ",""
"488060","유진스팩11호","KOSDAQ","SPAC","2024-10-31","false","NO_FMP_STOCK_SYMBOL","NO_FMP_STOCK_SYMBOL;NO_FMP_FINANCIAL_SYMBOL","488060.KQ",""
"488280","에스투더블유","KOSDAQ","GENERAL","2025-09-19","true","NO_FMP_STOCK_SYMBOL","NO_FMP_STOCK_SYMBOL;NO_FMP_FINANCIAL_SYMBOL","488280.KQ",""
"488900","비츠로넥스텍","KOSDAQ","GENERAL","2025-11-21","true","NO_FMP_STOCK_SYMBOL","NO_FMP_STOCK_SYMBOL;NO_FMP_FINANCIAL_SYMBOL","488900.KQ",""
"489210","교보17호스팩","KOSDAQ","SPAC","2024-11-21","false","NO_FMP_STOCK_SYMBOL","NO_FMP_STOCK_SYMBOL;NO_FMP_FINANCIAL_SYMBOL","489210.KQ",""
"489460","바이오비쥬","KOSDAQ","GENERAL","2025-05-20","false","NO_FMP_STOCK_SYMBOL","NO_FMP_STOCK_SYMBOL;NO_FMP_FINANCIAL_SYMBOL","489460.KQ",""
"489480","키움제11호스팩","KOSDAQ","SPAC","2024-12-11","false","NO_FMP_STOCK_SYMBOL","NO_FMP_STOCK_SYMBOL;NO_FMP_FINANCIAL_SYMBOL","489480.KQ",""
"489500","엘케이켐","KOSDAQ","GENERAL","2025-02-25","false","NO_FMP_STOCK_SYMBOL","NO_FMP_STOCK_SYMBOL;NO_FMP_FINANCIAL_SYMBOL","489500.KQ",""
"489730","디비금융제13호스팩","KOSDAQ","SPAC","2024-11-28","false","NO_FMP_STOCK_SYMBOL","NO_FMP_STOCK_SYMBOL;NO_FMP_FINANCIAL_SYMBOL","489730.KQ",""
"490470","세미파이브","KOSDAQ","GENERAL","2025-12-29","true","NO_FMP_STOCK_SYMBOL","NO_FMP_STOCK_SYMBOL;NO_FMP_FINANCIAL_SYMBOL","490470.KQ",""
"491000","리브스메드","KOSDAQ","GENERAL","2025-12-24","true","NO_FMP_STOCK_SYMBOL","NO_FMP_STOCK_SYMBOL;NO_FMP_FINANCIAL_SYMBOL","491000.KQ",""
"492220","KB제31호스팩","KOSDAQ","SPAC","2024-12-12","false","NO_FMP_STOCK_SYMBOL","NO_FMP_STOCK_SYMBOL;NO_FMP_FINANCIAL_SYMBOL","492220.KQ",""
"493280","아이엠바이오로직스","KOSDAQ","GENERAL","2026-03-20","true","NO_FMP_STOCK_SYMBOL","NO_FMP_STOCK_SYMBOL;NO_FMP_FINANCIAL_SYMBOL","493280.KQ",""
"493330","지에프아이","KOSDAQ","GENERAL","2026-01-14","true","NO_FMP_STOCK_SYMBOL","NO_FMP_STOCK_SYMBOL;NO_FMP_FINANCIAL_SYMBOL","493330.KQ",""
"493790","유안타제17호스팩","KOSDAQ","SPAC","2025-01-23","false","NO_FMP_STOCK_SYMBOL","NO_FMP_STOCK_SYMBOL;NO_FMP_FINANCIAL_SYMBOL","493790.KQ",""
"494120","큐리오시스","KOSDAQ","GENERAL","2025-11-13","true","NO_FMP_STOCK_SYMBOL","NO_FMP_STOCK_SYMBOL;NO_FMP_FINANCIAL_SYMBOL","494120.KQ",""
"496070","신한제16호스팩","KOSDAQ","SPAC","2025-05-29","false","NO_FMP_STOCK_SYMBOL","NO_FMP_STOCK_SYMBOL;NO_FMP_FINANCIAL_SYMBOL","496070.KQ",""
"498390","한화플러스제5호스팩","KOSDAQ","SPAC","2025-03-20","false","NO_FMP_FINANCIAL_SYMBOL","NO_FMP_FINANCIAL_SYMBOL","498390.KQ","498390.KQ"
"900070","글로벌에스엠","KOSDAQ","GENERAL","2009-12-23","false","NO_FMP_STOCK_SYMBOL","NO_FMP_STOCK_SYMBOL;NO_FMP_FINANCIAL_SYMBOL","900070.KQ",""
"900100","파이온엑스","KOSDAQ","GENERAL","2010-04-21","false","NO_FMP_STOCK_SYMBOL","NO_FMP_STOCK_SYMBOL;NO_FMP_FINANCIAL_SYMBOL","900100.KQ",""
"900110","딥커머스","KOSDAQ","GENERAL","2010-04-23","false","NO_FMP_STOCK_SYMBOL","NO_FMP_STOCK_SYMBOL;NO_FMP_FINANCIAL_SYMBOL","900110.KQ",""
"900120","씨엑스아이","KOSDAQ","GENERAL","2010-03-31","false","NO_FMP_STOCK_SYMBOL","NO_FMP_STOCK_SYMBOL;NO_FMP_FINANCIAL_SYMBOL","900120.KQ",""
"900250","크리스탈신소재","KOSDAQ","GENERAL","2016-01-28","false","NO_FMP_STOCK_SYMBOL","NO_FMP_STOCK_SYMBOL;NO_FMP_FINANCIAL_SYMBOL","900250.KQ",""
"900260","로스웰","KOSDAQ","GENERAL","2016-06-30","false","NO_FMP_STOCK_SYMBOL","NO_FMP_STOCK_SYMBOL;NO_FMP_FINANCIAL_SYMBOL","900260.KQ",""
"900270","헝셩그룹","KOSDAQ","GENERAL","2016-08-18","false","NO_FMP_STOCK_SYMBOL","NO_FMP_STOCK_SYMBOL;NO_FMP_FINANCIAL_SYMBOL","900270.KQ",""
"900290","GRT","KOSDAQ","GENERAL","2016-10-25","false","NO_FMP_STOCK_SYMBOL","NO_FMP_STOCK_SYMBOL;NO_FMP_FINANCIAL_SYMBOL","900290.KQ",""
"900300","오가닉티코스메틱","KOSDAQ","GENERAL","2016-11-04","false","NO_FMP_STOCK_SYMBOL","NO_FMP_STOCK_SYMBOL;NO_FMP_FINANCIAL_SYMBOL","900300.KQ",""
"900310","컬러레이","KOSDAQ","GENERAL","2017-08-10","false","NO_FMP_STOCK_SYMBOL","NO_FMP_STOCK_SYMBOL;NO_FMP_FINANCIAL_SYMBOL","900310.KQ",""
"900340","윙입푸드","KOSDAQ","GENERAL","2018-11-30","false","NO_FMP_STOCK_SYMBOL","NO_FMP_STOCK_SYMBOL;NO_FMP_FINANCIAL_SYMBOL","900340.KQ",""
"950140","잉글우드랩","KOSDAQ","GENERAL","2016-10-14","false","NO_FMP_STOCK_SYMBOL","NO_FMP_STOCK_SYMBOL;NO_FMP_FINANCIAL_SYMBOL","950140.KQ",""
"950170","JTC","KOSDAQ","GENERAL","2018-04-06","false","NO_FMP_STOCK_SYMBOL","NO_FMP_STOCK_SYMBOL;NO_FMP_FINANCIAL_SYMBOL","950170.KQ",""
"950190","고스트스튜디오","KOSDAQ","GENERAL","2020-08-18","false","NO_FMP_STOCK_SYMBOL","NO_FMP_STOCK_SYMBOL;NO_FMP_FINANCIAL_SYMBOL","950190.KQ",""
"950200","소마젠","KOSDAQ","GENERAL","2020-07-13","false","NO_FMP_STOCK_SYMBOL","NO_FMP_STOCK_SYMBOL;NO_FMP_FINANCIAL_SYMBOL","950200.KQ",""
"950250","테라뷰","KOSDAQ","GENERAL","2025-12-09","true","NO_FMP_STOCK_SYMBOL","NO_FMP_STOCK_SYMBOL;NO_FMP_FINANCIAL_SYMBOL","950250.KQ",""
"950260","인제니아테라퓨틱스","KOSDAQ","GENERAL","2026-08-18","true","NO_FMP_STOCK_SYMBOL","NO_FMP_STOCK_SYMBOL;NO_FMP_FINANCIAL_SYMBOL","950260.KQ",""
